Handle;Nom;Contenance (ml);Prix (€);MOQ;MOQ Source;Review nécessaire;Nb variantes;Paliers de prix;URL;Nouveau
ph-100-z-155-c110-1-290-spray;PH-100 + Z-155-C110-1-290 SPRAY;100;;100;;OUI;1;;https://eu.store.takemotopkg.com/products/ph-100-z-155-c110-1-290-spray;
pepi-300-z-155-c110-1-290-spray;PEPI-300 + Z-155-C110-1-290 SPRAY;300;;72;body_html;;1;;https://eu.store.takemotopkg.com/products/pepi-300-z-155-c110-1-290-spray;
aom-400-z-155-c110-1-290-spray;AOM-400 + Z-155-C110-1-290 SPRAY;400;;100;;OUI;1;;https://eu.store.takemotopkg.com/products/aom-400-z-155-c110-1-290-spray;
aom-300-z-155-c110-1-290-spray;AOM-300 + Z-155-C110-1-290 SPRAY;300;;100;;OUI;1;;https://eu.store.takemotopkg.com/products/aom-300-z-155-c110-1-290-spray;
aom-200-z-155-c110-1-290-spray;AOM-200 + Z-155-C110-1-290 SPRAY;200;;100;;OUI;1;;https://eu.store.takemotopkg.com/products/aom-200-z-155-c110-1-290-spray;
ambe-300-z-155-c110-1-290-spray;AMBE-300 + Z-155-C110-1-290 SPRAY;300;;100;;OUI;1;;https://eu.store.takemotopkg.com/products/ambe-300-z-155-c110-1-290-spray;
ambe-200-z-155-c110-1-290-spray;AMBE-200 + Z-155-C110-1-290 SPRAY;200;;100;;OUI;1;;https://eu.store.takemotopkg.com/products/ambe-200-z-155-c110-1-290-spray;
ambe-150-z-155-c110-1-290-spray;AMBE-150 + Z-155-C110-1-290 SPRAY;150;;100;;OUI;1;;https://eu.store.takemotopkg.com/products/ambe-150-z-155-c110-1-290-spray;
supi-300-z-155-c110-1-290-spray;SUPI-300 + Z-155-C110-1-290 SPRAY;300;;72;body_html;;1;;https://eu.store.takemotopkg.com/products/supi-300-z-155-c110-1-290-spray;
s-pmpin-300-z-155-c110-1-290-spray;S-PMPIN-300 + Z-155-C110-1-290 SPRAY;300;;72;body_html;;1;;https://eu.store.takemotopkg.com/products/s-pmpin-300-z-155-c110-1-290-spray;
s-pewin-150a-z-155-c110-1-290-spray;S-PEWIN-150A + Z-155-C110-1-290 SPRAY;150;;72;body_html;;1;;https://eu.store.takemotopkg.com/products/s-pewin-150a-z-155-c110-1-290-spray;
s-pewin-120a-z-155-c110-1-290-spray;S-PEWIN-120A + Z-155-C110-1-290 SPRAY;120;;72;body_html;;1;;https://eu.store.takemotopkg.com/products/s-pewin-120a-z-155-c110-1-290-spray;
s-pepin-200a-z-155-c110-1-290-spray;S-PEPIN-200A + Z-155-C110-1-290 SPRAY;200;;72;body_html;;1;;https://eu.store.takemotopkg.com/products/s-pepin-200a-z-155-c110-1-290-spray;
s-pepin-200-z-155-c110-1-290-spray;S-PEPIN-200 + Z-155-C110-1-290 SPRAY;200;;72;body_html;;1;;https://eu.store.takemotopkg.com/products/s-pepin-200-z-155-c110-1-290-spray;
s-pepin-120-z-155-c110-1-290-spray;S-PEPIN-120 + Z-155-C110-1-290 SPRAY;120;;72;body_html;;1;;https://eu.store.takemotopkg.com/products/s-pepin-120-z-155-c110-1-290-spray;
s-pepin-100-z-155-c110-1-290-spray;S-PEPIN-100 + Z-155-C110-1-290 SPRAY;100;;72;body_html;;1;;https://eu.store.takemotopkg.com/products/s-pepin-100-z-155-c110-1-290-spray;
s-pemin-200a-z-155-c110-1-290-spray;S-PEMIN-200A + Z-155-C110-1-290 SPRAY;200;;72;body_html;;1;;https://eu.store.takemotopkg.com/products/s-pemin-200a-z-155-c110-1-290-spray;
s-pemin-200-z-155-c110-1-290-spray;S-PEMIN-200 + Z-155-C110-1-290 SPRAY;200;;72;body_html;;1;;https://eu.store.takemotopkg.com/products/s-pemin-200-z-155-c110-1-290-spray;
s-pemin-120-z-155-c110-1-290-spray;S-PEMIN-120 + Z-155-C110-1-290 SPRAY;120;;72;body_html;;1;;https://eu.store.takemotopkg.com/products/s-pemin-120-z-155-c110-1-290-spray;
s-pemin-100-z-155-c110-1-290-spray;S-PEMIN-100 + Z-155-C110-1-290 SPRAY;100;;72;body_html;;1;;https://eu.store.takemotopkg.com/products/s-pemin-100-z-155-c110-1-290-spray;
s-opt-150b-z-155-c110-1-290-spray;S-OPT-150B + Z-155-C110-1-290 SPRAY;150;;72;body_html;;1;;https://eu.store.takemotopkg.com/products/s-opt-150b-z-155-c110-1-290-spray;
s-apin-300-z-155-c110-1-290-spray;S-APIN-300 + Z-155-C110-1-290 SPRAY;300;;72;body_html;;1;;https://eu.store.takemotopkg.com/products/s-apin-300-z-155-c110-1-290-spray;
s-apin-100-z-155-c110-1-290-spray;S-APIN-100 + Z-155-C110-1-290 SPRAY;100;;72;body_html;;1;;https://eu.store.takemotopkg.com/products/s-apin-100-z-155-c110-1-290-spray;
s-aompn-300-z-155-c110-1-290-spray;S-AOMPN-300 + Z-155-C110-1-290 SPRAY;300;;72;body_html;;1;;https://eu.store.takemotopkg.com/products/s-aompn-300-z-155-c110-1-290-spray;
ph-50iii-z-155-c110-1-290-spray;PH-50III + Z-155-C110-1-290 SPRAY;50;;100;;OUI;1;;https://eu.store.takemotopkg.com/products/ph-50iii-z-155-c110-1-290-spray;
ph-500-z-155-c110-1-290-spray;PH-500 + Z-155-C110-1-290 SPRAY;500;;100;;OUI;1;;https://eu.store.takemotopkg.com/products/ph-500-z-155-c110-1-290-spray;
ph-400-z-155-c110-1-290-spray;PH-400 + Z-155-C110-1-290 SPRAY;400;;100;;OUI;1;;https://eu.store.takemotopkg.com/products/ph-400-z-155-c110-1-290-spray;
ph-300-z-155-c110-1-290-spray;PH-300 + Z-155-C110-1-290 SPRAY;300;;100;;OUI;1;;https://eu.store.takemotopkg.com/products/ph-300-z-155-c110-1-290-spray;
ph-250-z-155-c110-1-290-spray;PH-250 + Z-155-C110-1-290 SPRAY;250;;100;;OUI;1;;https://eu.store.takemotopkg.com/products/ph-250-z-155-c110-1-290-spray;
ph-200-z-155-c110-1-290-spray;PH-200 + Z-155-C110-1-290 SPRAY;200;;100;;OUI;1;;https://eu.store.takemotopkg.com/products/ph-200-z-155-c110-1-290-spray;
ph-150-z-155-c110-1-290-spray;PH-150 + Z-155-C110-1-290 SPRAY;150;;100;;OUI;1;;https://eu.store.takemotopkg.com/products/ph-150-z-155-c110-1-290-spray;
supi-300-z-155-c112-2-spray;SUPI-300 + Z-155-C112-2 SPRAY;300;;72;body_html;;1;;https://eu.store.takemotopkg.com/products/supi-300-z-155-c112-2-spray;
s-pmpin-300-z-155-c112-2-spray;S-PMPIN-300 + Z-155-C112-2 SPRAY;300;;72;body_html;;1;;https://eu.store.takemotopkg.com/products/s-pmpin-300-z-155-c112-2-spray;
s-pewin-150a-z-155-c112-2-spray;S-PEWIN-150A + Z-155-C112-2 SPRAY;150;;72;body_html;;1;;https://eu.store.takemotopkg.com/products/s-pewin-150a-z-155-c112-2-spray;
s-pewin-120a-z-155-c112-2-spray;S-PEWIN-120A + Z-155-C112-2 SPRAY;120;;72;body_html;;1;;https://eu.store.takemotopkg.com/products/s-pewin-120a-z-155-c112-2-spray;
s-pepin-200a-z-155-c112-2-spray;S-PEPIN-200A + Z-155-C112-2 SPRAY;200;;72;body_html;;1;;https://eu.store.takemotopkg.com/products/s-pepin-200a-z-155-c112-2-spray;
s-pepin-200-z-155-c112-2-spray;S-PEPIN-200 + Z-155-C112-2 SPRAY;200;;72;body_html;;1;;https://eu.store.takemotopkg.com/products/s-pepin-200-z-155-c112-2-spray;
s-pepin-120-z-155-c112-2-spray;S-PEPIN-120 + Z-155-C112-2 SPRAY;120;;72;body_html;;1;;https://eu.store.takemotopkg.com/products/s-pepin-120-z-155-c112-2-spray;
s-pepin-100-z-155-c112-2-spray;S-PEPIN-100 + Z-155-C112-2 SPRAY;100;;72;body_html;;1;;https://eu.store.takemotopkg.com/products/s-pepin-100-z-155-c112-2-spray;
s-pemin-200a-z-155-c112-2-spray;S-PEMIN-200A + Z-155-C112-2 SPRAY;200;;72;body_html;;1;;https://eu.store.takemotopkg.com/products/s-pemin-200a-z-155-c112-2-spray;
s-pemin-200-z-155-c112-2-spray;S-PEMIN-200 + Z-155-C112-2 SPRAY;200;;72;body_html;;1;;https://eu.store.takemotopkg.com/products/s-pemin-200-z-155-c112-2-spray;
s-pemin-120-z-155-c112-2-spray;S-PEMIN-120 + Z-155-C112-2 SPRAY;120;;72;body_html;;1;;https://eu.store.takemotopkg.com/products/s-pemin-120-z-155-c112-2-spray;
s-pemin-100-z-155-c112-2-spray;S-PEMIN-100 + Z-155-C112-2 SPRAY;100;;72;body_html;;1;;https://eu.store.takemotopkg.com/products/s-pemin-100-z-155-c112-2-spray;
s-opt-150b-z-155-c112-2-spray;S-OPT-150B + Z-155-C112-2 SPRAY;150;;72;body_html;;1;;https://eu.store.takemotopkg.com/products/s-opt-150b-z-155-c112-2-spray;
s-apin-300-z-155-c112-2-spray;S-APIN-300 + Z-155-C112-2 SPRAY;300;;72;body_html;;1;;https://eu.store.takemotopkg.com/products/s-apin-300-z-155-c112-2-spray;
s-apin-100-z-155-c112-2-spray;S-APIN-100 + Z-155-C112-2 SPRAY;100;;72;body_html;;1;;https://eu.store.takemotopkg.com/products/s-apin-100-z-155-c112-2-spray;
s-aompn-300-z-155-c112-2-spray;S-AOMPN-300 + Z-155-C112-2 SPRAY;300;;72;body_html;;1;;https://eu.store.takemotopkg.com/products/s-aompn-300-z-155-c112-2-spray;
ph-50iii-z-155-c112-2-spray;PH-50III + Z-155-C112-2 SPRAY;50;;100;;OUI;1;;https://eu.store.takemotopkg.com/products/ph-50iii-z-155-c112-2-spray;
ph-500-z-155-c112-2-spray;PH-500 + Z-155-C112-2 SPRAY;500;;100;;OUI;1;;https://eu.store.takemotopkg.com/products/ph-500-z-155-c112-2-spray;
ph-400-z-155-c112-2-spray;PH-400 + Z-155-C112-2 SPRAY;400;;100;;OUI;1;;https://eu.store.takemotopkg.com/products/ph-400-z-155-c112-2-spray;
ph-300-z-155-c112-2-spray;PH-300 + Z-155-C112-2 SPRAY;300;;100;;OUI;1;;https://eu.store.takemotopkg.com/products/ph-300-z-155-c112-2-spray;
ph-250-z-155-c112-2-spray;PH-250 + Z-155-C112-2 SPRAY;250;;100;;OUI;1;;https://eu.store.takemotopkg.com/products/ph-250-z-155-c112-2-spray;
ph-200-z-155-c112-2-spray;PH-200 + Z-155-C112-2 SPRAY;200;;100;;OUI;1;;https://eu.store.takemotopkg.com/products/ph-200-z-155-c112-2-spray;
ph-150-z-155-c112-2-spray;PH-150 + Z-155-C112-2 SPRAY;150;;100;;OUI;1;;https://eu.store.takemotopkg.com/products/ph-150-z-155-c112-2-spray;
ph-100-z-155-c112-2-spray;PH-100 + Z-155-C112-2 SPRAY;100;;100;;OUI;1;;https://eu.store.takemotopkg.com/products/ph-100-z-155-c112-2-spray;
pepi-300-z-155-c112-2-spray;PEPI-300 + Z-155-C112-2 SPRAY;300;;72;body_html;;1;;https://eu.store.takemotopkg.com/products/pepi-300-z-155-c112-2-spray;
aom-400-z-155-c112-2-spray;AOM-400 + Z-155-C112-2 SPRAY;400;;100;;OUI;1;;https://eu.store.takemotopkg.com/products/aom-400-z-155-c112-2-spray;
aom-300-z-155-c112-2-spray;AOM-300 + Z-155-C112-2 SPRAY;300;;100;;OUI;1;;https://eu.store.takemotopkg.com/products/aom-300-z-155-c112-2-spray;
aom-200-z-155-c112-2-spray;AOM-200 + Z-155-C112-2 SPRAY;200;;100;;OUI;1;;https://eu.store.takemotopkg.com/products/aom-200-z-155-c112-2-spray;
ambe-300-z-155-c112-2-spray;AMBE-300 + Z-155-C112-2 SPRAY;300;;100;;OUI;1;;https://eu.store.takemotopkg.com/products/ambe-300-z-155-c112-2-spray;
ambe-200-z-155-c112-2-spray;AMBE-200 + Z-155-C112-2 SPRAY;200;;100;;OUI;1;;https://eu.store.takemotopkg.com/products/ambe-200-z-155-c112-2-spray;
ambe-150-z-155-c112-2-spray;AMBE-150 + Z-155-C112-2 SPRAY;150;;100;;OUI;1;;https://eu.store.takemotopkg.com/products/ambe-150-z-155-c112-2-spray;
ph-sw30-pd-0220-pps-pump-pd-0220-over-cap-m;PH-SW30 + PD-0220 PPS PUMP + PD-0220 OVER CAP M;220;3.19;100;;OUI;1;;https://eu.store.takemotopkg.com/products/ph-sw30-pd-0220-pps-pump-pd-0220-over-cap-m;
s-pepin-200a-z-305-c060-2f-spray;S-PEPIN-200A + Z-305-C060-2F SPRAY;200;;72;body_html;;1;;https://eu.store.takemotopkg.com/products/s-pepin-200a-z-305-c060-2f-spray;NOUVEAU
s-pepin-200-z-305-c060-2f-spray;S-PEPIN-200 + Z-305-C060-2F SPRAY;200;;72;body_html;;1;;https://eu.store.takemotopkg.com/products/s-pepin-200-z-305-c060-2f-spray;NOUVEAU
s-pemin-200a-z-305-c060-2f-spray;S-PEMIN-200A + Z-305-C060-2F SPRAY;200;;72;body_html;;1;;https://eu.store.takemotopkg.com/products/s-pemin-200a-z-305-c060-2f-spray;NOUVEAU
s-pemin-200-z-305-c060-2f-spray;S-PEMIN-200 + Z-305-C060-2F SPRAY;200;;72;body_html;;1;;https://eu.store.takemotopkg.com/products/s-pemin-200-z-305-c060-2f-spray;NOUVEAU
ph-50iii-z-305-c060-2f-spray;PH-50III + Z-305-C060-2F SPRAY;50;;100;;OUI;1;;https://eu.store.takemotopkg.com/products/ph-50iii-z-305-c060-2f-spray;NOUVEAU
ph-500-z-305-c060-2f-spray;PH-500 + Z-305-C060-2F SPRAY;500;;100;;OUI;1;;https://eu.store.takemotopkg.com/products/ph-500-z-305-c060-2f-spray;NOUVEAU
ph-250-z-305-c060-2f-spray;PH-250 + Z-305-C060-2F SPRAY;250;;100;;OUI;1;;https://eu.store.takemotopkg.com/products/ph-250-z-305-c060-2f-spray;NOUVEAU
ph-200-z-305-c060-2f-spray;PH-200 + Z-305-C060-2F SPRAY;200;;100;;OUI;1;;https://eu.store.takemotopkg.com/products/ph-200-z-305-c060-2f-spray;NOUVEAU
aom-200-z-305-c060-2f-spray;AOM-200 + Z-305-C060-2F SPRAY;200;;100;;OUI;1;;https://eu.store.takemotopkg.com/products/aom-200-z-305-c060-2f-spray;NOUVEAU
ambe-200-z-305-c060-2f-spray;AMBE-200 + Z-305-C060-2F SPRAY;200;;100;;OUI;1;;https://eu.store.takemotopkg.com/products/ambe-200-z-305-c060-2f-spray;NOUVEAU
aopf-450-f5-foamer-pump;AOPF-450 + F5 FOAMER PUMP;450;2.01;72;body_html;;1;;https://eu.store.takemotopkg.com/products/aopf-450-f5-foamer-pump;NOUVEAU
s-pepin-200a-oz-35-flip-top-cap;S-PEPIN-200A + OZ-35 FLIP-TOP CAP;200;;72;body_html;;1;;https://eu.store.takemotopkg.com/products/s-pepin-200a-oz-35-flip-top-cap;NOUVEAU
s-pepin-200-oz-35-flip-top-cap;S-PEPIN-200 + OZ-35 FLIP-TOP CAP;200;;72;body_html;;1;;https://eu.store.takemotopkg.com/products/s-pepin-200-oz-35-flip-top-cap;NOUVEAU
s-pemin-200a-oz-35-flip-top-cap;S-PEMIN-200A + OZ-35 FLIP-TOP CAP;200;;72;body_html;;1;;https://eu.store.takemotopkg.com/products/s-pemin-200a-oz-35-flip-top-cap;NOUVEAU
s-pemin-200-oz-35-flip-top-cap;S-PEMIN-200 + OZ-35 FLIP-TOP CAP;200;;72;body_html;;1;;https://eu.store.takemotopkg.com/products/s-pemin-200-oz-35-flip-top-cap;NOUVEAU
ph-50iii-oz-35-flip-top-cap;PH-50III + OZ-35 FLIP-TOP CAP;50;;100;;OUI;1;;https://eu.store.takemotopkg.com/products/ph-50iii-oz-35-flip-top-cap;NOUVEAU
ph-500-oz-35-flip-top-cap;PH-500 + OZ-35 FLIP-TOP CAP;500;;100;;OUI;1;;https://eu.store.takemotopkg.com/products/ph-500-oz-35-flip-top-cap;NOUVEAU
ph-250-oz-35-flip-top-cap;PH-250 + OZ-35 FLIP-TOP CAP;250;;100;;OUI;1;;https://eu.store.takemotopkg.com/products/ph-250-oz-35-flip-top-cap;NOUVEAU
ph-200-oz-35-flip-top-cap;PH-200 + OZ-35 FLIP-TOP CAP;200;;100;;OUI;1;;https://eu.store.takemotopkg.com/products/ph-200-oz-35-flip-top-cap;NOUVEAU
aom-200-oz-35-flip-top-cap;AOM-200 + OZ-35 FLIP-TOP CAP;200;;100;;OUI;1;;https://eu.store.takemotopkg.com/products/aom-200-oz-35-flip-top-cap;NOUVEAU
ambe-200-oz-35-flip-top-cap;AMBE-200 + OZ-35 FLIP-TOP CAP;200;;100;;OUI;1;;https://eu.store.takemotopkg.com/products/ambe-200-oz-35-flip-top-cap;NOUVEAU
supi-500-pd-3033evi-pump;SUPI-500 + PD-3033EVI PUMP;500;;72;body_html;;1;;https://eu.store.takemotopkg.com/products/supi-500-pd-3033evi-pump;NOUVEAU
ph-500ii-pd-3033evi-pump;PH-500II + PD-3033EVI PUMP;500;;100;;OUI;1;;https://eu.store.takemotopkg.com/products/ph-500ii-pd-3033evi-pump;NOUVEAU
pepi-500ii-pd-3033evi-pump;PEPI-500II + PD-3033EVI PUMP;500;;72;body_html;;1;;https://eu.store.takemotopkg.com/products/pepi-500ii-pd-3033evi-pump;NOUVEAU
pbpi-500-pd-3033evi-pump;PBPI-500 + PD-3033EVI PUMP;500;;72;body_html;;1;;https://eu.store.takemotopkg.com/products/pbpi-500-pd-3033evi-pump;NOUVEAU
d-500-pd-3033evi-pump;D-500 + PD-3033EVI PUMP;500;;72;body_html;;1;;https://eu.store.takemotopkg.com/products/d-500-pd-3033evi-pump;NOUVEAU
s-pepin-200a-oz-ball-36-cap-p-5-g-plug;S-PEPIN-200A + OZ BALL 36⌀ CAP + P-5⌀ G PLUG;200;0.86;72;body_html;;1;;https://eu.store.takemotopkg.com/products/s-pepin-200a-oz-ball-36-cap-p-5-g-plug;NOUVEAU
s-pepin-200a-oz-ball-36-cap-p-24-g-plug;S-PEPIN-200A + OZ BALL 36⌀ CAP + P-2.4⌀ G PLUG;200;0.84;72;body_html;;1;;https://eu.store.takemotopkg.com/products/s-pepin-200a-oz-ball-36-cap-p-24-g-plug;NOUVEAU
s-pepin-200a-oz-ball-36-cap-p-1-g-plug;S-PEPIN-200A + OZ BALL 36⌀ CAP + P-1⌀ G PLUG;200;0.84;72;body_html;;1;;https://eu.store.takemotopkg.com/products/s-pepin-200a-oz-ball-36-cap-p-1-g-plug;NOUVEAU
s-pepin-200-oz-ball-36-cap-p-5-g-plug;S-PEPIN-200 + OZ BALL 36⌀ CAP + P-5⌀ G PLUG;200;0.86;72;body_html;;1;;https://eu.store.takemotopkg.com/products/s-pepin-200-oz-ball-36-cap-p-5-g-plug;NOUVEAU
s-pepin-200-oz-ball-36-cap-p-24-g-plug;S-PEPIN-200 + OZ BALL 36⌀ CAP + P-2.4⌀ G PLUG;200;0.84;72;body_html;;1;;https://eu.store.takemotopkg.com/products/s-pepin-200-oz-ball-36-cap-p-24-g-plug;NOUVEAU
s-pepin-200-oz-ball-36-cap-p-1-g-plug;S-PEPIN-200 + OZ BALL 36⌀ CAP + P-1⌀ G PLUG;200;0.84;72;body_html;;1;;https://eu.store.takemotopkg.com/products/s-pepin-200-oz-ball-36-cap-p-1-g-plug;NOUVEAU
s-pemin-200a-oz-ball-36-cap-p-5-g-plug;S-PEMIN-200A + OZ BALL 36⌀ CAP + P-5⌀ G PLUG;200;0.86;72;body_html;;1;;https://eu.store.takemotopkg.com/products/s-pemin-200a-oz-ball-36-cap-p-5-g-plug;NOUVEAU
s-pemin-200a-oz-ball-36-cap-p-24-g-plug;S-PEMIN-200A + OZ BALL 36⌀ CAP + P-2.4⌀ G PLUG;200;0.84;72;body_html;;1;;https://eu.store.takemotopkg.com/products/s-pemin-200a-oz-ball-36-cap-p-24-g-plug;NOUVEAU
s-pemin-200a-oz-ball-36-cap-p-1-g-plug;S-PEMIN-200A + OZ BALL 36⌀ CAP + P-1⌀ G PLUG;200;0.84;72;body_html;;1;;https://eu.store.takemotopkg.com/products/s-pemin-200a-oz-ball-36-cap-p-1-g-plug;NOUVEAU
ph-50iii-oz-ball-36-cap-p-4-plug;PH-50III + OZ BALL 36⌀ CAP + P-4⌀ PLUG;50;0.58;100;;OUI;1;;https://eu.store.takemotopkg.com/products/ph-50iii-oz-ball-36-cap-p-4-plug;NOUVEAU
ph-50iii-oz-ball-36-cap-18mm-plug;PH-50III + OZ BALL 36⌀ CAP + 18⌀ PLUG;50;0.59;100;;OUI;1;;https://eu.store.takemotopkg.com/products/ph-50iii-oz-ball-36-cap-18mm-plug;NOUVEAU
ph-500-oz-ball-36-cap-p-4-plug;PH-500 + OZ BALL 36⌀ CAP + P-4⌀ PLUG;500;0.95;100;;OUI;1;;https://eu.store.takemotopkg.com/products/ph-500-oz-ball-36-cap-p-4-plug;NOUVEAU
ph-500-oz-ball-36-cap-18mm-plug;PH-500 + OZ BALL 36⌀ CAP + 18⌀ PLUG;500;0.96;100;;OUI;1;;https://eu.store.takemotopkg.com/products/ph-500-oz-ball-36-cap-18mm-plug;NOUVEAU
ph-250-oz-ball-36-cap-p-4-plug;PH-250 + OZ BALL 36⌀ CAP + P-4⌀ PLUG;250;0.72;100;;OUI;1;;https://eu.store.takemotopkg.com/products/ph-250-oz-ball-36-cap-p-4-plug;NOUVEAU
ph-250-oz-ball-36-cap-18mm-plug;PH-250 + OZ BALL 36⌀ CAP + 18⌀ PLUG;250;0.73;100;;OUI;1;;https://eu.store.takemotopkg.com/products/ph-250-oz-ball-36-cap-18mm-plug;NOUVEAU
ph-200-oz-ball-36-cap-p-4-plug;PH-200 + OZ BALL 36⌀ CAP + P-4⌀ PLUG;200;0.69;100;;OUI;1;;https://eu.store.takemotopkg.com/products/ph-200-oz-ball-36-cap-p-4-plug;NOUVEAU
ph-200-oz-ball-36-cap-18mm-plug;PH-200 + OZ BALL 36⌀ CAP + 18⌀ PLUG;200;0.70;100;;OUI;1;;https://eu.store.takemotopkg.com/products/ph-200-oz-ball-36-cap-18mm-plug;NOUVEAU
aom-200-oz-ball-36-cap-p-4-plug;AOM-200 + OZ BALL 36⌀ CAP + P-4⌀ PLUG;200;0.71;100;;OUI;1;;https://eu.store.takemotopkg.com/products/aom-200-oz-ball-36-cap-p-4-plug;NOUVEAU
aom-200-oz-ball-36-cap-18mm-plug;AOM-200 + OZ BALL 36⌀ CAP + 18⌀ PLUG;200;0.72;100;;OUI;1;;https://eu.store.takemotopkg.com/products/aom-200-oz-ball-36-cap-18mm-plug;NOUVEAU
ambe-200-oz-ball-36-cap-p-4-plug;AMBE-200 + OZ BALL 36⌀ CAP + P-4⌀ PLUG;200;;100;;OUI;1;;https://eu.store.takemotopkg.com/products/ambe-200-oz-ball-36-cap-p-4-plug;NOUVEAU
ambe-200-oz-ball-36-cap-18mm-plug;AMBE-200 + OZ BALL 36⌀ CAP + 18⌀ PLUG;200;;100;;OUI;1;;https://eu.store.takemotopkg.com/products/ambe-200-oz-ball-36-cap-18mm-plug;NOUVEAU
yp-b-180-15-415-flip-top-cap;YP-B-180 + 15-415 FLIP-TOP CAP;180;0.84;100;;OUI;1;;https://eu.store.takemotopkg.com/products/yp-b-180-15-415-flip-top-cap;NOUVEAU
supi-500-pmp-ys-cap;SUPI-500 + PMP-YS CAP;500;1.07;72;body_html;;1;;https://eu.store.takemotopkg.com/products/supi-500-pmp-ys-cap;NOUVEAU
supi-500-pd-3033aiiir-pump;SUPI-500 + PD-3033AIIIR PUMP;500;1.41;72;body_html;;1;;https://eu.store.takemotopkg.com/products/supi-500-pd-3033aiiir-pump;NOUVEAU
s-ppc-250-c-80-wcap-pe;S-PPC-250 + C-80 WCAP (PE);250;1.57;100;;OUI;1;;https://eu.store.takemotopkg.com/products/s-ppc-250-c-80-wcap-pe;NOUVEAU
s-pepin-200a-euromist-classic-190-24410j;S-PEPIN-200A + EUROMIST CLASSIC 190 24/410J;200;1.16;72;body_html;;1;;https://eu.store.takemotopkg.com/products/s-pepin-200a-euromist-classic-190-24410j;NOUVEAU
s-pepin-200a-tri-mini-spray;S-PEPIN-200A + TRI MINI SPRAY;200;1.29;72;body_html;;1;;https://eu.store.takemotopkg.com/products/s-pepin-200a-tri-mini-spray;NOUVEAU
s-pepin-200a-pii-n-flip-top-cap-4;S-PEPIN-200A + PII N FLIP-TOP CAP (4⌀);200;0.77;72;body_html;;1;;https://eu.store.takemotopkg.com/products/s-pepin-200a-pii-n-flip-top-cap-4;NOUVEAU
s-pepin-200a-pd-p1024ebii-pump;S-PEPIN-200A + PD-P1024EBII PUMP;200;1.34;72;body_html;;1;;https://eu.store.takemotopkg.com/products/s-pepin-200a-pd-p1024ebii-pump;NOUVEAU
s-pepin-200a-pd-p1024bii-pump;S-PEPIN-200A + PD-P1024BII PUMP;200;1.33;72;body_html;;1;;https://eu.store.takemotopkg.com/products/s-pepin-200a-pd-p1024bii-pump;NOUVEAU
s-pepin-200a-pd-p0524b-pump-pd-p0524-top-cap-b;S-PEPIN-200A + PD-P0524B PUMP + PD-P0524 TOP CAP B;200;1.52;72;body_html;;1;;https://eu.store.takemotopkg.com/products/s-pepin-200a-pd-p0524b-pump-pd-p0524-top-cap-b;NOUVEAU
s-pepin-200a-pc3-flip-top-cap;S-PEPIN-200A + PC3⌀ FLIP-TOP CAP;200;0.75;72;body_html;;1;;https://eu.store.takemotopkg.com/products/s-pepin-200a-pc3-flip-top-cap;NOUVEAU
s-pepin-200a-pb-v35-cap;S-PEPIN-200A + PB-V35 CAP;200;0.85;72;body_html;;1;;https://eu.store.takemotopkg.com/products/s-pepin-200a-pb-v35-cap;NOUVEAU
s-pepin-200a-pa-28-cap-p-5-g-plug;S-PEPIN-200A + PA-28 CAP + P-5⌀ G PLUG;200;0.86;72;body_html;;1;;https://eu.store.takemotopkg.com/products/s-pepin-200a-pa-28-cap-p-5-g-plug;NOUVEAU
s-pepin-200a-pa-28-cap-p-24-g-plug;S-PEPIN-200A + PA-28 CAP + P-2.4⌀ G PLUG;200;0.84;72;body_html;;1;;https://eu.store.takemotopkg.com/products/s-pepin-200a-pa-28-cap-p-24-g-plug;NOUVEAU
s-pepin-200a-pa-28-cap-p-1-g-plug;S-PEPIN-200A + PA-28 CAP + P-1⌀ G PLUG;200;0.84;72;body_html;;1;;https://eu.store.takemotopkg.com/products/s-pepin-200a-pa-28-cap-p-1-g-plug;NOUVEAU
s-pepin-200a-p-rp-wcap-matte-p-rp9-nozzle-g-plug;S-PEPIN-200A + P-RP WCAP (MATTE) + P-RP9⌀ NOZZLE G PLUG;200;1.04;72;body_html;;1;;https://eu.store.takemotopkg.com/products/s-pepin-200a-p-rp-wcap-matte-p-rp9-nozzle-g-plug;NOUVEAU
s-pepin-200a-p-rp-wcap-matte-p-rp3-nozzle-g-plug;S-PEPIN-200A + P-RP WCAP (MATTE) + P-RP3⌀ NOZZLE G PLUG;200;1.04;72;body_html;;1;;https://eu.store.takemotopkg.com/products/s-pepin-200a-p-rp-wcap-matte-p-rp3-nozzle-g-plug;NOUVEAU
s-pepin-200a-p-27-cap-with-inner-ring;S-PEPIN-200A + P-27 CAP WITH INNER RING;200;0.68;72;body_html;;1;;https://eu.store.takemotopkg.com/products/s-pepin-200a-p-27-cap-with-inner-ring;NOUVEAU
s-pepin-200a-p-twist-cap;S-PEPIN-200A + P-TWIST CAP;200;0.93;72;body_html;;1;;https://eu.store.takemotopkg.com/products/s-pepin-200a-p-twist-cap;NOUVEAU
s-pepin-200a-p-nozzle-cap-p-nozzle-g-plug;S-PEPIN-200A + P-NOZZLE CAP + P-NOZZLE G PLUG;200;0.82;72;body_html;;1;;https://eu.store.takemotopkg.com/products/s-pepin-200a-p-nozzle-cap-p-nozzle-g-plug;NOUVEAU
s-pepin-200-euromist-classic-190-24410j;S-PEPIN-200 + EUROMIST CLASSIC 190 24/410J;200;1.16;72;body_html;;1;;https://eu.store.takemotopkg.com/products/s-pepin-200-euromist-classic-190-24410j;NOUVEAU
s-pepin-200-tri-mini-spray;S-PEPIN-200 + TRI MINI SPRAY;200;1.29;72;body_html;;1;;https://eu.store.takemotopkg.com/products/s-pepin-200-tri-mini-spray;NOUVEAU
s-pepin-200-pii-n-flip-top-cap-4;S-PEPIN-200 + PII N FLIP-TOP CAP (4⌀);200;0.77;72;body_html;;1;;https://eu.store.takemotopkg.com/products/s-pepin-200-pii-n-flip-top-cap-4;NOUVEAU
s-pepin-200-pd-p1024ebii-pump;S-PEPIN-200 + PD-P1024EBII PUMP;200;1.34;72;body_html;;1;;https://eu.store.takemotopkg.com/products/s-pepin-200-pd-p1024ebii-pump;NOUVEAU
s-pepin-200-pd-p1024bii-pump;S-PEPIN-200 + PD-P1024BII PUMP;200;1.33;72;body_html;;1;;https://eu.store.takemotopkg.com/products/s-pepin-200-pd-p1024bii-pump;NOUVEAU
s-pepin-200-pd-p0524b-pump-pd-p0524-top-cap-b;S-PEPIN-200 + PD-P0524B PUMP + PD-P0524 TOP CAP B;200;1.52;72;body_html;;1;;https://eu.store.takemotopkg.com/products/s-pepin-200-pd-p0524b-pump-pd-p0524-top-cap-b;NOUVEAU
s-pepin-200-pc3-flip-top-cap;S-PEPIN-200 + PC3⌀ FLIP-TOP CAP;200;0.75;72;body_html;;1;;https://eu.store.takemotopkg.com/products/s-pepin-200-pc3-flip-top-cap;NOUVEAU
s-pepin-200-pb-v35-cap;S-PEPIN-200 + PB-V35 CAP;200;0.85;72;body_html;;1;;https://eu.store.takemotopkg.com/products/s-pepin-200-pb-v35-cap;NOUVEAU
s-pepin-200-p-27-cap-with-inner-ring;S-PEPIN-200 + P-27 CAP WITH INNER RING;200;0.68;72;body_html;;1;;https://eu.store.takemotopkg.com/products/s-pepin-200-p-27-cap-with-inner-ring;NOUVEAU
s-pepin-200-p-nozzle-cap-p-nozzle-g-plug;S-PEPIN-200 + P-NOZZLE CAP + P-NOZZLE G PLUG;200;0.82;72;body_html;;1;;https://eu.store.takemotopkg.com/products/s-pepin-200-p-nozzle-cap-p-nozzle-g-plug;NOUVEAU
s-pepin-200-pa-28-cap-p-5-g-plug;S-PEPIN-200 + PA-28 CAP + P-5⌀ G PLUG;200;0.86;72;body_html;;1;;https://eu.store.takemotopkg.com/products/s-pepin-200-pa-28-cap-p-5-g-plug;NOUVEAU
s-pepin-200-pa-28-cap-p-24-g-plug;S-PEPIN-200 + PA-28 CAP + P-2.4⌀ G PLUG;200;0.84;72;body_html;;1;;https://eu.store.takemotopkg.com/products/s-pepin-200-pa-28-cap-p-24-g-plug;NOUVEAU
s-pepin-200-pa-28-cap-p-1-g-plug;S-PEPIN-200 + PA-28 CAP + P-1⌀ G PLUG;200;0.84;72;body_html;;1;;https://eu.store.takemotopkg.com/products/s-pepin-200-pa-28-cap-p-1-g-plug;NOUVEAU
s-pepin-200-p-rp-wcap-matte-p-rp9-nozzle-g-plug;S-PEPIN-200 + P-RP WCAP (MATTE) + P-RP9⌀ NOZZLE G PLUG;200;1.04;72;body_html;;1;;https://eu.store.takemotopkg.com/products/s-pepin-200-p-rp-wcap-matte-p-rp9-nozzle-g-plug;NOUVEAU
s-pepin-200-p-rp-wcap-matte-p-rp3-nozzle-g-plug;S-PEPIN-200 + P-RP WCAP (MATTE) + P-RP3⌀ NOZZLE G PLUG;200;1.04;72;body_html;;1;;https://eu.store.takemotopkg.com/products/s-pepin-200-p-rp-wcap-matte-p-rp3-nozzle-g-plug;NOUVEAU
s-pemin-200a-euromist-classic-190-24410j;S-PEMIN-200A + EUROMIST CLASSIC 190 24/410J;200;1.16;72;body_html;;1;;https://eu.store.takemotopkg.com/products/s-pemin-200a-euromist-classic-190-24410j;NOUVEAU
s-pemin-200a-tri-mini-spray;S-PEMIN-200A + TRI MINI SPRAY;200;1.29;72;body_html;;1;;https://eu.store.takemotopkg.com/products/s-pemin-200a-tri-mini-spray;NOUVEAU
s-pemin-200a-pii-n-flip-top-cap-4;S-PEMIN-200A + PII N FLIP-TOP CAP (4⌀);200;0.77;72;body_html;;1;;https://eu.store.takemotopkg.com/products/s-pemin-200a-pii-n-flip-top-cap-4;NOUVEAU
s-pemin-200a-pew-38-wcap-p-5-g-plug;S-PEMIN-200A + PEW-38⌀ WCAP + P-5⌀ G PLUG;200;0.99;72;body_html;;1;;https://eu.store.takemotopkg.com/products/s-pemin-200a-pew-38-wcap-p-5-g-plug;NOUVEAU
s-pemin-200a-pew-38-wcap-p-24-g-plug;S-PEMIN-200A + PEW-38⌀ WCAP + P-2.4⌀ G PLUG;200;0.97;72;body_html;;1;;https://eu.store.takemotopkg.com/products/s-pemin-200a-pew-38-wcap-p-24-g-plug;NOUVEAU
s-pemin-200a-pew-38-wcap-p-1-g-plug;S-PEMIN-200A + PEW-38⌀ WCAP + P-1⌀ G PLUG;200;0.97;72;body_html;;1;;https://eu.store.takemotopkg.com/products/s-pemin-200a-pew-38-wcap-p-1-g-plug;NOUVEAU
s-pemin-200a-pd-p1024ebii-pump;S-PEMIN-200A + PD-P1024EBII PUMP;200;1.34;72;body_html;;1;;https://eu.store.takemotopkg.com/products/s-pemin-200a-pd-p1024ebii-pump;NOUVEAU
s-pemin-200a-pd-p1024bii-pump;S-PEMIN-200A + PD-P1024BII PUMP;200;1.33;72;body_html;;1;;https://eu.store.takemotopkg.com/products/s-pemin-200a-pd-p1024bii-pump;NOUVEAU
s-pemin-200a-pd-p0524b-pump-pd-p0524-top-cap-b;S-PEMIN-200A + PD-P0524B PUMP + PD-P0524 TOP CAP B;200;1.52;72;body_html;;1;;https://eu.store.takemotopkg.com/products/s-pemin-200a-pd-p0524b-pump-pd-p0524-top-cap-b;NOUVEAU
s-pemin-200a-pc3-flip-top-cap;S-PEMIN-200A + PC3⌀ FLIP-TOP CAP;200;0.75;72;body_html;;1;;https://eu.store.takemotopkg.com/products/s-pemin-200a-pc3-flip-top-cap;NOUVEAU
s-pemin-200a-pb-v35-cap;S-PEMIN-200A + PB-V35 CAP;200;0.85;72;body_html;;1;;https://eu.store.takemotopkg.com/products/s-pemin-200a-pb-v35-cap;NOUVEAU
s-pemin-200a-pa-28-cap-p-5-g-plug;S-PEMIN-200A + PA-28 CAP + P-5⌀ G PLUG;200;0.86;72;body_html;;1;;https://eu.store.takemotopkg.com/products/s-pemin-200a-pa-28-cap-p-5-g-plug;NOUVEAU
s-pemin-200a-pa-28-cap-p-24-g-plug;S-PEMIN-200A + PA-28 CAP + P-2.4⌀ G PLUG;200;0.84;72;body_html;;1;;https://eu.store.takemotopkg.com/products/s-pemin-200a-pa-28-cap-p-24-g-plug;NOUVEAU
s-pemin-200a-pa-28-cap-p-1-g-plug;S-PEMIN-200A + PA-28 CAP + P-1⌀ G PLUG;200;0.84;72;body_html;;1;;https://eu.store.takemotopkg.com/products/s-pemin-200a-pa-28-cap-p-1-g-plug;NOUVEAU
s-pemin-200a-p-rp-wcap-matte-p-rp9-nozzle-g-plug;S-PEMIN-200A + P-RP WCAP (MATTE) + P-RP9⌀ NOZZLE G PLUG;200;1.04;72;body_html;;1;;https://eu.store.takemotopkg.com/products/s-pemin-200a-p-rp-wcap-matte-p-rp9-nozzle-g-plug;NOUVEAU
s-pemin-200a-p-rp-wcap-matte-p-rp3-nozzle-g-plug;S-PEMIN-200A + P-RP WCAP (MATTE) + P-RP3⌀ NOZZLE G PLUG;200;1.04;72;body_html;;1;;https://eu.store.takemotopkg.com/products/s-pemin-200a-p-rp-wcap-matte-p-rp3-nozzle-g-plug;NOUVEAU
s-pemin-200a-p-27-cap-with-inner-ring;S-PEMIN-200A + P-27 CAP WITH INNER RING;200;0.68;72;body_html;;1;;https://eu.store.takemotopkg.com/products/s-pemin-200a-p-27-cap-with-inner-ring;NOUVEAU
s-pemin-200a-p-twist-cap;S-PEMIN-200A + P-TWIST CAP;200;0.93;72;body_html;;1;;https://eu.store.takemotopkg.com/products/s-pemin-200a-p-twist-cap;NOUVEAU
s-pemin-200a-p-nozzle-cap-p-nozzle-g-plug;S-PEMIN-200A + P-NOZZLE CAP + P-NOZZLE G PLUG;200;0.82;72;body_html;;1;;https://eu.store.takemotopkg.com/products/s-pemin-200a-p-nozzle-cap-p-nozzle-g-plug;NOUVEAU
s-pemin-200-euromist-classic-190-24410j;S-PEMIN-200 + EUROMIST CLASSIC 190 24/410J;200;1.16;72;body_html;;1;;https://eu.store.takemotopkg.com/products/s-pemin-200-euromist-classic-190-24410j;NOUVEAU
s-pemin-200-tri-mini-spray;S-PEMIN-200 + TRI MINI SPRAY;200;1.29;72;body_html;;1;;https://eu.store.takemotopkg.com/products/s-pemin-200-tri-mini-spray;NOUVEAU
s-pemin-200-pii-n-flip-top-cap-4;S-PEMIN-200 + PII N FLIP-TOP CAP (4⌀);200;0.77;72;body_html;;1;;https://eu.store.takemotopkg.com/products/s-pemin-200-pii-n-flip-top-cap-4;NOUVEAU
s-pemin-200-pd-p1024ebii-pump;S-PEMIN-200 + PD-P1024EBII PUMP;200;1.34;72;body_html;;1;;https://eu.store.takemotopkg.com/products/s-pemin-200-pd-p1024ebii-pump;NOUVEAU
s-pemin-200-pd-p1024bii-pump;S-PEMIN-200 + PD-P1024BII PUMP;200;1.33;72;body_html;;1;;https://eu.store.takemotopkg.com/products/s-pemin-200-pd-p1024bii-pump;NOUVEAU
s-pemin-200-pd-p0524b-pump-pd-p0524-top-cap-b;S-PEMIN-200 + PD-P0524B PUMP + PD-P0524 TOP CAP B;200;1.52;72;body_html;;1;;https://eu.store.takemotopkg.com/products/s-pemin-200-pd-p0524b-pump-pd-p0524-top-cap-b;NOUVEAU
s-pemin-200-pc3-flip-top-cap;S-PEMIN-200 + PC3⌀ FLIP-TOP CAP;200;0.75;72;body_html;;1;;https://eu.store.takemotopkg.com/products/s-pemin-200-pc3-flip-top-cap;NOUVEAU
s-pemin-200-pb-v35-cap;S-PEMIN-200 + PB-V35 CAP;200;0.85;72;body_html;;1;;https://eu.store.takemotopkg.com/products/s-pemin-200-pb-v35-cap;NOUVEAU
s-pemin-200-p-27-cap-with-inner-ring;S-PEMIN-200 + P-27 CAP WITH INNER RING;200;0.68;72;body_html;;1;;https://eu.store.takemotopkg.com/products/s-pemin-200-p-27-cap-with-inner-ring;NOUVEAU
s-pemin-200-p-twist-cap;S-PEMIN-200 + P-TWIST CAP;200;0.93;72;body_html;;1;;https://eu.store.takemotopkg.com/products/s-pemin-200-p-twist-cap;NOUVEAU
s-pemin-200-p-nozzle-cap-p-nozzle-g-plug;S-PEMIN-200 + P-NOZZLE CAP + P-NOZZLE G PLUG;200;0.82;72;body_html;;1;;https://eu.store.takemotopkg.com/products/s-pemin-200-p-nozzle-cap-p-nozzle-g-plug;NOUVEAU
sctii-40-c-60-mswii-cap-gloss;SCTII-40 + C-60 MSWII CAP (GLOSS);40;1.85;100;;OUI;1;;https://eu.store.takemotopkg.com/products/sctii-40-c-60-mswii-cap-gloss;NOUVEAU
sct-30-c-60-mswii-cap-gloss;SCT-30 + C-60 MSWII CAP (GLOSS);30;1.72;100;;OUI;1;;https://eu.store.takemotopkg.com/products/sct-30-c-60-mswii-cap-gloss;NOUVEAU
rfpi-500-pd-3043aiiir-pump;RFPI-500 + PD-3043AIIIR PUMP;500;1.67;72;body_html;;1;;https://eu.store.takemotopkg.com/products/rfpi-500-pd-3043aiiir-pump;NOUVEAU
rf-500-pd-3043aiiir-pump;RF-500 + PD-3043AIIIR PUMP;500;1.80;100;;OUI;1;;https://eu.store.takemotopkg.com/products/rf-500-pd-3043aiiir-pump;NOUVEAU
ph-sw30-pd-0220cb-pump-pd-0220-top-cap-b;PH-SW30 + PD-0220CB PUMP + PD-0220 TOP CAP B;220;1.16;100;;OUI;1;;https://eu.store.takemotopkg.com/products/ph-sw30-pd-0220cb-pump-pd-0220-top-cap-b;NOUVEAU
ph-50iii-euromist-classic-190-24410j;PH-50III + EUROMIST CLASSIC 190 24/410J;50;0.91;100;;OUI;1;;https://eu.store.takemotopkg.com/products/ph-50iii-euromist-classic-190-24410j;NOUVEAU
ph-50iii-tri-mini-spray;PH-50III + TRI MINI SPRAY;50;1.04;100;;OUI;1;;https://eu.store.takemotopkg.com/products/ph-50iii-tri-mini-spray;NOUVEAU
ph-50iii-pii-n-flip-top-cap-4;PH-50III + PII N FLIP-TOP CAP (4⌀);50;0.52;100;;OUI;1;;https://eu.store.takemotopkg.com/products/ph-50iii-pii-n-flip-top-cap-4;NOUVEAU
ph-50iii-pew-38-wcap-p-4-plug;PH-50III + PEW-38⌀ WCAP + P-4⌀ PLUG;50;0.71;100;;OUI;1;;https://eu.store.takemotopkg.com/products/ph-50iii-pew-38-wcap-p-4-plug;NOUVEAU
ph-50iii-pew-38-wcap-18mm-plug;PH-50III + PEW-38⌀ WCAP + 18⌀ PLUG;50;0.72;100;;OUI;1;;https://eu.store.takemotopkg.com/products/ph-50iii-pew-38-wcap-18mm-plug;NOUVEAU
ph-50iii-pd-p1024ebii-pump;PH-50III + PD-P1024EBII PUMP;50;1.09;100;;OUI;1;;https://eu.store.takemotopkg.com/products/ph-50iii-pd-p1024ebii-pump;NOUVEAU
ph-50iii-pd-p1024bii-pump;PH-50III + PD-P1024BII PUMP;50;1.08;100;;OUI;1;;https://eu.store.takemotopkg.com/products/ph-50iii-pd-p1024bii-pump;NOUVEAU
ph-50iii-pd-p0524b-pump-pd-p0524-top-cap-b;PH-50III + PD-P0524B PUMP + PD-P0524 TOP CAP B;50;1.27;100;;OUI;1;;https://eu.store.takemotopkg.com/products/ph-50iii-pd-p0524b-pump-pd-p0524-top-cap-b;NOUVEAU
ph-50iii-pc3-flip-top-cap;PH-50III + PC3⌀ FLIP-TOP CAP;50;0.50;100;;OUI;1;;https://eu.store.takemotopkg.com/products/ph-50iii-pc3-flip-top-cap;NOUVEAU
ph-50iii-pb-v35-cap;PH-50III + PB-V35 CAP;50;0.60;100;;OUI;1;;https://eu.store.takemotopkg.com/products/ph-50iii-pb-v35-cap;NOUVEAU
ph-50iii-pa-28-cap-p-4-plug;PH-50III + PA-28 CAP + P-4⌀ PLUG;50;0.58;100;;OUI;1;;https://eu.store.takemotopkg.com/products/ph-50iii-pa-28-cap-p-4-plug;NOUVEAU
ph-50iii-pa-28-cap-18mm-plug;PH-50III + PA-28 CAP + 18⌀ PLUG;50;0.59;100;;OUI;1;;https://eu.store.takemotopkg.com/products/ph-50iii-pa-28-cap-18mm-plug;NOUVEAU
ph-50iii-p-nozzle-cap-p-nozzle-plug;PH-50III + P-NOZZLE CAP + P-NOZZLE PLUG;50;0.57;100;;OUI;1;;https://eu.store.takemotopkg.com/products/ph-50iii-p-nozzle-cap-p-nozzle-plug;NOUVEAU
ph-500ii-pmp-ys-cap;PH-500II + PMP-YS CAP;500;1.02;100;;OUI;1;;https://eu.store.takemotopkg.com/products/ph-500ii-pmp-ys-cap;NOUVEAU
ph-500ii-pd-3033aiiir-pump;PH-500II + PD-3033AIIIR PUMP;500;1.36;100;;OUI;1;;https://eu.store.takemotopkg.com/products/ph-500ii-pd-3033aiiir-pump;NOUVEAU
ph-500-euromist-classic-190-24410j;PH-500 + EUROMIST CLASSIC 190 24/410J;500;1.28;100;;OUI;1;;https://eu.store.takemotopkg.com/products/ph-500-euromist-classic-190-24410j;NOUVEAU
ph-500-tri-mini-spray;PH-500 + TRI MINI SPRAY;500;1.41;100;;OUI;1;;https://eu.store.takemotopkg.com/products/ph-500-tri-mini-spray;NOUVEAU
ph-500-pii-n-flip-top-cap-4;PH-500 + PII N FLIP-TOP CAP (4⌀);500;0.89;100;;OUI;1;;https://eu.store.takemotopkg.com/products/ph-500-pii-n-flip-top-cap-4;NOUVEAU
ph-500-pew-38-wcap-p-4-plug;PH-500 + PEW-38⌀ WCAP + P-4⌀ PLUG;500;1.08;100;;OUI;1;;https://eu.store.takemotopkg.com/products/ph-500-pew-38-wcap-p-4-plug;NOUVEAU
ph-500-pew-38-wcap-18mm-plug;PH-500 + PEW-38⌀ WCAP + 18⌀ PLUG;500;1.09;100;;OUI;1;;https://eu.store.takemotopkg.com/products/ph-500-pew-38-wcap-18mm-plug;NOUVEAU
ph-500-pd-p1024ebii-pump;PH-500 + PD-P1024EBII PUMP;500;1.46;100;;OUI;1;;https://eu.store.takemotopkg.com/products/ph-500-pd-p1024ebii-pump;NOUVEAU
ph-500-pd-p1024bii-pump;PH-500 + PD-P1024BII PUMP;500;1.45;100;;OUI;1;;https://eu.store.takemotopkg.com/products/ph-500-pd-p1024bii-pump;NOUVEAU
ph-500-pd-p0524b-pump-pd-p0524-top-cap-b;PH-500 + PD-P0524B PUMP + PD-P0524 TOP CAP B;500;1.64;100;;OUI;1;;https://eu.store.takemotopkg.com/products/ph-500-pd-p0524b-pump-pd-p0524-top-cap-b;NOUVEAU
ph-500-pc3-flip-top-cap;PH-500 + PC3⌀ FLIP-TOP CAP;500;0.87;100;;OUI;1;;https://eu.store.takemotopkg.com/products/ph-500-pc3-flip-top-cap;NOUVEAU
ph-500-pb-v35-cap;PH-500 + PB-V35 CAP;500;0.97;100;;OUI;1;;https://eu.store.takemotopkg.com/products/ph-500-pb-v35-cap;NOUVEAU
ph-500-pa-28-cap-p-4-plug;PH-500 + PA-28 CAP + P-4⌀ PLUG;500;0.95;100;;OUI;1;;https://eu.store.takemotopkg.com/products/ph-500-pa-28-cap-p-4-plug;NOUVEAU
ph-500-pa-28-cap-18mm-plug;PH-500 + PA-28 CAP + 18⌀ PLUG;500;0.96;100;;OUI;1;;https://eu.store.takemotopkg.com/products/ph-500-pa-28-cap-18mm-plug;NOUVEAU
ph-500-p-27-cap-with-inner-ring;PH-500 + P-27 CAP WITH INNER RING;500;0.80;100;;OUI;1;;https://eu.store.takemotopkg.com/products/ph-500-p-27-cap-with-inner-ring;NOUVEAU
ph-500-p-twist-cap;PH-500 + P-TWIST CAP;500;1.05;100;;OUI;1;;https://eu.store.takemotopkg.com/products/ph-500-p-twist-cap;NOUVEAU
ph-500-p-nozzle-cap-p-nozzle-plug;PH-500 + P-NOZZLE CAP + P-NOZZLE PLUG;500;0.94;100;;OUI;1;;https://eu.store.takemotopkg.com/products/ph-500-p-nozzle-cap-p-nozzle-plug;NOUVEAU
ph-250-euromist-classic-190-24410j;PH-250 + EUROMIST CLASSIC 190 24/410J;250;1.05;100;;OUI;1;;https://eu.store.takemotopkg.com/products/ph-250-euromist-classic-190-24410j;NOUVEAU
ph-250-tri-mini-spray;PH-250 + TRI MINI SPRAY;250;1.18;100;;OUI;1;;https://eu.store.takemotopkg.com/products/ph-250-tri-mini-spray;NOUVEAU
ph-250-pii-n-flip-top-cap-4;PH-250 + PII N FLIP-TOP CAP (4⌀);250;0.66;100;;OUI;1;;https://eu.store.takemotopkg.com/products/ph-250-pii-n-flip-top-cap-4;NOUVEAU
ph-250-pew-38-wcap-p-4-plug;PH-250 + PEW-38⌀ WCAP + P-4⌀ PLUG;250;0.85;100;;OUI;1;;https://eu.store.takemotopkg.com/products/ph-250-pew-38-wcap-p-4-plug;NOUVEAU
ph-250-pew-38-wcap-18mm-plug;PH-250 + PEW-38⌀ WCAP + 18⌀ PLUG;250;0.86;100;;OUI;1;;https://eu.store.takemotopkg.com/products/ph-250-pew-38-wcap-18mm-plug;NOUVEAU
ph-250-pd-p1024ebii-pump;PH-250 + PD-P1024EBII PUMP;250;1.23;100;;OUI;1;;https://eu.store.takemotopkg.com/products/ph-250-pd-p1024ebii-pump;NOUVEAU
ph-250-pd-p1024bii-pump;PH-250 + PD-P1024BII PUMP;250;1.22;100;;OUI;1;;https://eu.store.takemotopkg.com/products/ph-250-pd-p1024bii-pump;NOUVEAU
ph-250-pd-p0524b-pump-pd-p0524-top-cap-b;PH-250 + PD-P0524B PUMP + PD-P0524 TOP CAP B;250;1.41;100;;OUI;1;;https://eu.store.takemotopkg.com/products/ph-250-pd-p0524b-pump-pd-p0524-top-cap-b;NOUVEAU
ph-250-pc3-flip-top-cap;PH-250 + PC3⌀ FLIP-TOP CAP;250;0.64;100;;OUI;1;;https://eu.store.takemotopkg.com/products/ph-250-pc3-flip-top-cap;NOUVEAU
ph-250-pb-v35-cap;PH-250 + PB-V35 CAP;250;0.74;100;;OUI;1;;https://eu.store.takemotopkg.com/products/ph-250-pb-v35-cap;NOUVEAU
ph-250-pa-28-cap-p-4-plug;PH-250 + PA-28 CAP + P-4⌀ PLUG;250;0.72;100;;OUI;1;;https://eu.store.takemotopkg.com/products/ph-250-pa-28-cap-p-4-plug;NOUVEAU
ph-250-pa-28-cap-18mm-plug;PH-250 + PA-28 CAP + 18⌀ PLUG;250;0.73;100;;OUI;1;;https://eu.store.takemotopkg.com/products/ph-250-pa-28-cap-18mm-plug;NOUVEAU
ph-250-p-27-cap-with-inner-ring;PH-250 + P-27 CAP WITH INNER RING;250;0.57;100;;OUI;1;;https://eu.store.takemotopkg.com/products/ph-250-p-27-cap-with-inner-ring;NOUVEAU
ph-250-p-twist-cap;PH-250 + P-TWIST CAP;250;0.82;100;;OUI;1;;https://eu.store.takemotopkg.com/products/ph-250-p-twist-cap;NOUVEAU
ph-250-p-nozzle-cap-p-nozzle-plug;PH-250 + P-NOZZLE CAP + P-NOZZLE PLUG;250;0.71;100;;OUI;1;;https://eu.store.takemotopkg.com/products/ph-250-p-nozzle-cap-p-nozzle-plug;NOUVEAU
ph-200-euromist-classic-190-24410j;PH-200 + EUROMIST CLASSIC 190 24/410J;200;1.02;100;;OUI;1;;https://eu.store.takemotopkg.com/products/ph-200-euromist-classic-190-24410j;NOUVEAU
ph-200-tri-mini-spray;PH-200 + TRI MINI SPRAY;200;1.15;100;;OUI;1;;https://eu.store.takemotopkg.com/products/ph-200-tri-mini-spray;NOUVEAU
ph-200-pii-n-flip-top-cap-4;PH-200 + PII N FLIP-TOP CAP (4⌀);200;0.63;100;;OUI;1;;https://eu.store.takemotopkg.com/products/ph-200-pii-n-flip-top-cap-4;NOUVEAU
ph-200-pew-38-wcap-p-4-plug;PH-200 + PEW-38⌀ WCAP + P-4⌀ PLUG;200;0.82;100;;OUI;1;;https://eu.store.takemotopkg.com/products/ph-200-pew-38-wcap-p-4-plug;NOUVEAU
ph-200-pew-38-wcap-18mm-plug;PH-200 + PEW-38⌀ WCAP + 18⌀ PLUG;200;0.83;100;;OUI;1;;https://eu.store.takemotopkg.com/products/ph-200-pew-38-wcap-18mm-plug;NOUVEAU
ph-200-pd-p1024ebii-pump;PH-200 + PD-P1024EBII PUMP;200;1.20;100;;OUI;1;;https://eu.store.takemotopkg.com/products/ph-200-pd-p1024ebii-pump;NOUVEAU
ph-200-pd-p1024bii-pump;PH-200 + PD-P1024BII PUMP;200;1.19;100;;OUI;1;;https://eu.store.takemotopkg.com/products/ph-200-pd-p1024bii-pump;NOUVEAU
ph-200-pd-p0524b-pump-pd-p0524-top-cap-b;PH-200 + PD-P0524B PUMP + PD-P0524 TOP CAP B;200;1.38;100;;OUI;1;;https://eu.store.takemotopkg.com/products/ph-200-pd-p0524b-pump-pd-p0524-top-cap-b;NOUVEAU
ph-200-pc3-flip-top-cap;PH-200 + PC3⌀ FLIP-TOP CAP;200;0.61;100;;OUI;1;;https://eu.store.takemotopkg.com/products/ph-200-pc3-flip-top-cap;NOUVEAU
ph-200-pb-v35-cap;PH-200 + PB-V35 CAP;200;0.71;100;;OUI;1;;https://eu.store.takemotopkg.com/products/ph-200-pb-v35-cap;NOUVEAU
ph-200-pa-28-cap-p-4-plug;PH-200 + PA-28 CAP + P-4⌀ PLUG;200;0.69;100;;OUI;1;;https://eu.store.takemotopkg.com/products/ph-200-pa-28-cap-p-4-plug;NOUVEAU
ph-200-pa-28-cap-18mm-plug;PH-200 + PA-28 CAP + 18⌀ PLUG;200;0.70;100;;OUI;1;;https://eu.store.takemotopkg.com/products/ph-200-pa-28-cap-18mm-plug;NOUVEAU
ph-200-p-27-cap-with-inner-ring;PH-200 + P-27 CAP WITH INNER RING;200;0.54;100;;OUI;1;;https://eu.store.takemotopkg.com/products/ph-200-p-27-cap-with-inner-ring;NOUVEAU
ph-200-p-twist-cap;PH-200 + P-TWIST CAP;200;0.79;100;;OUI;1;;https://eu.store.takemotopkg.com/products/ph-200-p-twist-cap;NOUVEAU
ph-200-p-nozzle-cap-p-nozzle-plug;PH-200 + P-NOZZLE CAP + P-NOZZLE PLUG;200;0.68;100;;OUI;1;;https://eu.store.takemotopkg.com/products/ph-200-p-nozzle-cap-p-nozzle-plug;NOUVEAU
pew-50a-z-155-c094-1-06090-0-spray;PEW-50A + Z-155-C094-1-060(90-0) SPRAY;50;0.89;72;body_html;;1;;https://eu.store.takemotopkg.com/products/pew-50a-z-155-c094-1-06090-0-spray;NOUVEAU
pew-50a-ppsw-liner-free-screw-cap-cube-6-g-plug;PEW-50A + PPSW LINER-FREE SCREW CAP + CUBE-6⌀ G PLUG;50;0.48;72;body_html;;1;;https://eu.store.takemotopkg.com/products/pew-50a-ppsw-liner-free-screw-cap-cube-6-g-plug;NOUVEAU
pew-50a-ppsw-liner-free-screw-cap-cube-3-g-plug;PEW-50A + PPSW LINER-FREE SCREW CAP + CUBE-3⌀ G PLUG;50;0.48;72;body_html;;1;;https://eu.store.takemotopkg.com/products/pew-50a-ppsw-liner-free-screw-cap-cube-3-g-plug;NOUVEAU
pew-50a-ppsii-flip-top-cap;PEW-50A + PPSII-FLIP-TOP CAP;50;0.42;72;body_html;;1;;https://eu.store.takemotopkg.com/products/pew-50a-ppsii-flip-top-cap;NOUVEAU
pew-50a-pps-disc-cap;PEW-50A + PPS-DISC CAP;50;0.50;72;body_html;;1;;https://eu.store.takemotopkg.com/products/pew-50a-pps-disc-cap;NOUVEAU
pew-50a-pps-nozzle-cap-pps-nozzle-g-plug;PEW-50A + PPS NOZZLE CAP + PPS NOZZLE G PLUG;50;0.50;72;body_html;;1;;https://eu.store.takemotopkg.com/products/pew-50a-pps-nozzle-cap-pps-nozzle-g-plug;NOUVEAU
pew-50a-pps-liner-free-screw-cap-cube-6-g-plug;PEW-50A + PPS LINER-FREE SCREW CAP + CUBE-6⌀ G PLUG;50;0.47;72;body_html;;1;;https://eu.store.takemotopkg.com/products/pew-50a-pps-liner-free-screw-cap-cube-6-g-plug;NOUVEAU
pew-50a-pps-liner-free-screw-cap-cube-3-g-plug;PEW-50A + PPS LINER-FREE SCREW CAP + CUBE-3⌀ G PLUG;50;0.47;72;body_html;;1;;https://eu.store.takemotopkg.com/products/pew-50a-pps-liner-free-screw-cap-cube-3-g-plug;NOUVEAU
pew-50a-pd-0220cb-pump-pd-0220-top-cap-b;PEW-50A + PD-0220CB PUMP + PD-0220 TOP CAP B;50;1.09;72;body_html;;1;;https://eu.store.takemotopkg.com/products/pew-50a-pd-0220cb-pump-pd-0220-top-cap-b;NOUVEAU
pew-50a-pd-0220-pps-pump-pd-0220-over-cap-m;PEW-50A + PD-0220 PPS PUMP + PD-0220 OVER CAP M;50;3.12;72;body_html;;1;;https://eu.store.takemotopkg.com/products/pew-50a-pd-0220-pps-pump-pd-0220-over-cap-m;NOUVEAU
pew-30a-z-155-c094-1-06090-0-spray;PEW-30A + Z-155-C094-1-060(90-0) SPRAY;30;0.89;72;body_html;;1;;https://eu.store.takemotopkg.com/products/pew-30a-z-155-c094-1-06090-0-spray;NOUVEAU
pew-30a-ppsw-liner-free-screw-cap-cube-6-g-plug;PEW-30A + PPSW LINER-FREE SCREW CAP + CUBE-6⌀ G PLUG;30;0.48;72;body_html;;1;;https://eu.store.takemotopkg.com/products/pew-30a-ppsw-liner-free-screw-cap-cube-6-g-plug;NOUVEAU
pew-30a-ppsw-liner-free-screw-cap-cube-3-g-plug;PEW-30A + PPSW LINER-FREE SCREW CAP + CUBE-3⌀ G PLUG;30;0.48;72;body_html;;1;;https://eu.store.takemotopkg.com/products/pew-30a-ppsw-liner-free-screw-cap-cube-3-g-plug;NOUVEAU
pew-30a-ppsii-flip-top-cap;PEW-30A + PPSII-FLIP-TOP CAP;30;0.42;72;body_html;;1;;https://eu.store.takemotopkg.com/products/pew-30a-ppsii-flip-top-cap;NOUVEAU
pew-30a-pps-disc-cap;PEW-30A + PPS-DISC CAP;30;0.50;72;body_html;;1;;https://eu.store.takemotopkg.com/products/pew-30a-pps-disc-cap;NOUVEAU
pew-30a-pps-nozzle-cap-pps-nozzle-g-plug;PEW-30A + PPS NOZZLE CAP + PPS NOZZLE G PLUG;30;0.50;72;body_html;;1;;https://eu.store.takemotopkg.com/products/pew-30a-pps-nozzle-cap-pps-nozzle-g-plug;NOUVEAU
pew-30a-pps-liner-free-screw-cap-cube-6-g-plug;PEW-30A + PPS LINER-FREE SCREW CAP + CUBE-6⌀ G PLUG;30;0.47;72;body_html;;1;;https://eu.store.takemotopkg.com/products/pew-30a-pps-liner-free-screw-cap-cube-6-g-plug;NOUVEAU
pew-30a-pps-liner-free-screw-cap-cube-3-g-plug;PEW-30A + PPS LINER-FREE SCREW CAP + CUBE-3⌀ G PLUG;30;0.47;72;body_html;;1;;https://eu.store.takemotopkg.com/products/pew-30a-pps-liner-free-screw-cap-cube-3-g-plug;NOUVEAU
pew-30a-pd-0220cb-pump-pd-0220-top-cap-b;PEW-30A + PD-0220CB PUMP + PD-0220 TOP CAP B;30;1.09;72;body_html;;1;;https://eu.store.takemotopkg.com/products/pew-30a-pd-0220cb-pump-pd-0220-top-cap-b;NOUVEAU
pew-30a-pd-0220-pps-pump-pd-0220-over-cap-m;PEW-30A + PD-0220 PPS PUMP + PD-0220 OVER CAP M;30;3.12;72;body_html;;1;;https://eu.store.takemotopkg.com/products/pew-30a-pd-0220-pps-pump-pd-0220-over-cap-m;NOUVEAU
pepi-500ii-pmp-ys-cap;PEPI-500II + PMP-YS CAP;500;0.98;72;body_html;;1;;https://eu.store.takemotopkg.com/products/pepi-500ii-pmp-ys-cap;NOUVEAU
pepi-500ii-pd-3033aiiir-pump;PEPI-500II + PD-3033AIIIR PUMP;500;1.32;72;body_html;;1;;https://eu.store.takemotopkg.com/products/pepi-500ii-pd-3033aiiir-pump;NOUVEAU
pbpi-500-pmp-ys-cap;PBPI-500 + PMP-YS CAP;500;1.02;72;body_html;;1;;https://eu.store.takemotopkg.com/products/pbpi-500-pmp-ys-cap;NOUVEAU
pbpi-500-pd-3033aiiir-pump;PBPI-500 + PD-3033AIIIR PUMP;500;1.36;72;body_html;;1;;https://eu.store.takemotopkg.com/products/pbpi-500-pd-3033aiiir-pump;NOUVEAU
mcp-50-mcp-64-cap;MCP-50 + MCP-64⌀ CAP;50;0.62;100;;OUI;1;;https://eu.store.takemotopkg.com/products/mcp-50-mcp-64-cap;NOUVEAU
mcp-30-mcp-64-cap;MCP-30 + MCP-64⌀ CAP;30;0.59;100;;OUI;1;;https://eu.store.takemotopkg.com/products/mcp-30-mcp-64-cap;NOUVEAU
dbi-50-15-415-nozzle-screw-cap-15-415-14mm-nozzle-g-plug-s;DBI-50 + 15-415 NOZZLE SCREW CAP + 15-415 1.4⌀ NOZZLE G PLUG S;50;0.34;72;body_html;;1;;https://eu.store.takemotopkg.com/products/dbi-50-15-415-nozzle-screw-cap-15-415-14mm-nozzle-g-plug-s;NOUVEAU
dbi-50-15-415-flip-top-cap;DBI-50 + 15-415 FLIP-TOP CAP;50;0.28;72;body_html;;1;;https://eu.store.takemotopkg.com/products/dbi-50-15-415-flip-top-cap;NOUVEAU
dbi-30-15-415-nozzle-screw-cap-15-415-14mm-nozzle-g-plug-s;DBI-30 + 15-415 NOZZLE SCREW CAP + 15-415 1.4⌀ NOZZLE G PLUG S;30;0.32;72;body_html;;1;;https://eu.store.takemotopkg.com/products/dbi-30-15-415-nozzle-screw-cap-15-415-14mm-nozzle-g-plug-s;NOUVEAU
dbi-30-15-415-flip-top-cap;DBI-30 + 15-415 FLIP-TOP CAP;30;0.26;72;body_html;;1;;https://eu.store.takemotopkg.com/products/dbi-30-15-415-flip-top-cap;NOUVEAU
d-500-pmp-ys-cap;D-500 + PMP-YS CAP;500;1.26;72;body_html;;1;;https://eu.store.takemotopkg.com/products/d-500-pmp-ys-cap;NOUVEAU
d-500-pd-3033aiiir-pump;D-500 + PD-3033AIIIR PUMP;500;1.60;72;body_html;;1;;https://eu.store.takemotopkg.com/products/d-500-pd-3033aiiir-pump;NOUVEAU
cpti-50-cpti-50-cap;CPTI-50 + CPTI-50⌀ CAP;50;0.80;100;;OUI;1;;https://eu.store.takemotopkg.com/products/cpti-50-cpti-50-cap;NOUVEAU
cpti-200-cpti-73-cap;CPTI-200 + CPTI-73⌀ CAP;200;1.12;100;;OUI;1;;https://eu.store.takemotopkg.com/products/cpti-200-cpti-73-cap;NOUVEAU
copt-200-mop-65-screw-cap;COPT-200 + MOP-65⌀ SCREW CAP;200;0.89;100;;OUI;1;;https://eu.store.takemotopkg.com/products/copt-200-mop-65-screw-cap;NOUVEAU
b-450ii-mcp-75-cap;B-450II + MCP-75⌀ CAP;450;1.32;72;body_html;;1;;https://eu.store.takemotopkg.com/products/b-450ii-mcp-75-cap;NOUVEAU
b-200ii-cpti-50-cap;B-200II + CPTI-50⌀ CAP;200;1.09;72;body_html;;1;;https://eu.store.takemotopkg.com/products/b-200ii-cpti-50-cap;NOUVEAU
aom-200-euromist-classic-190-24410j;AOM-200 + EUROMIST CLASSIC 190 24/410J;200;1.04;100;;OUI;1;;https://eu.store.takemotopkg.com/products/aom-200-euromist-classic-190-24410j;NOUVEAU
aom-200-tri-mini-spray;AOM-200 + TRI MINI SPRAY;200;1.17;100;;OUI;1;;https://eu.store.takemotopkg.com/products/aom-200-tri-mini-spray;NOUVEAU
aom-200-pii-n-flip-top-cap-4;AOM-200 + PII N FLIP-TOP CAP (4⌀);200;0.65;100;;OUI;1;;https://eu.store.takemotopkg.com/products/aom-200-pii-n-flip-top-cap-4;NOUVEAU
aom-200-pew-38-wcap-p-4-plug;AOM-200 + PEW-38⌀ WCAP + P-4⌀ PLUG;200;0.84;100;;OUI;1;;https://eu.store.takemotopkg.com/products/aom-200-pew-38-wcap-p-4-plug;NOUVEAU
aom-200-pew-38-wcap-18mm-plug;AOM-200 + PEW-38⌀ WCAP + 18⌀ PLUG;200;0.85;100;;OUI;1;;https://eu.store.takemotopkg.com/products/aom-200-pew-38-wcap-18mm-plug;NOUVEAU
aom-200-pd-p1024ebii-pump;AOM-200 + PD-P1024EBII PUMP;200;1.22;100;;OUI;1;;https://eu.store.takemotopkg.com/products/aom-200-pd-p1024ebii-pump;NOUVEAU
aom-200-pd-p1024bii-pump;AOM-200 + PD-P1024BII PUMP;200;1.21;100;;OUI;1;;https://eu.store.takemotopkg.com/products/aom-200-pd-p1024bii-pump;NOUVEAU
aom-200-pd-p0524b-pump-pd-p0524-top-cap-b;AOM-200 + PD-P0524B PUMP + PD-P0524 TOP CAP B;200;1.40;100;;OUI;1;;https://eu.store.takemotopkg.com/products/aom-200-pd-p0524b-pump-pd-p0524-top-cap-b;NOUVEAU
aom-200-pc3-flip-top-cap;AOM-200 + PC3⌀ FLIP-TOP CAP;200;0.63;100;;OUI;1;;https://eu.store.takemotopkg.com/products/aom-200-pc3-flip-top-cap;NOUVEAU
aom-200-pb-v35-cap;AOM-200 + PB-V35 CAP;200;0.73;100;;OUI;1;;https://eu.store.takemotopkg.com/products/aom-200-pb-v35-cap;NOUVEAU
aom-200-pa-28-cap-p-4-plug;AOM-200 + PA-28 CAP + P-4⌀ PLUG;200;0.71;100;;OUI;1;;https://eu.store.takemotopkg.com/products/aom-200-pa-28-cap-p-4-plug;NOUVEAU
aom-200-pa-28-cap-18mm-plug;AOM-200 + PA-28 CAP + 18⌀ PLUG;200;0.72;100;;OUI;1;;https://eu.store.takemotopkg.com/products/aom-200-pa-28-cap-18mm-plug;NOUVEAU
aom-200-p-nozzle-cap-p-nozzle-plug;AOM-200 + P-NOZZLE CAP + P-NOZZLE PLUG;200;0.70;100;;OUI;1;;https://eu.store.takemotopkg.com/products/aom-200-p-nozzle-cap-p-nozzle-plug;NOUVEAU
ambe-200-euromist-classic-190-24410j;AMBE-200 + EUROMIST CLASSIC 190 24/410J;200;1.27;100;;OUI;1;;https://eu.store.takemotopkg.com/products/ambe-200-euromist-classic-190-24410j;NOUVEAU
ambe-200-tri-mini-spray;AMBE-200 + TRI MINI SPRAY;200;1.40;100;;OUI;1;;https://eu.store.takemotopkg.com/products/ambe-200-tri-mini-spray;NOUVEAU
ambe-200-pii-n-flip-top-cap-4;AMBE-200 + PII N FLIP-TOP CAP (4⌀);200;0.88;100;;OUI;1;;https://eu.store.takemotopkg.com/products/ambe-200-pii-n-flip-top-cap-4;NOUVEAU
ambe-200-pew-38-wcap-p-4-plug;AMBE-200 + PEW-38⌀ WCAP + P-4⌀ PLUG;200;1.07;100;;OUI;1;;https://eu.store.takemotopkg.com/products/ambe-200-pew-38-wcap-p-4-plug;NOUVEAU
ambe-200-pew-38-wcap-18mm-plug;AMBE-200 + PEW-38⌀ WCAP + 18⌀ PLUG;200;1.08;100;;OUI;1;;https://eu.store.takemotopkg.com/products/ambe-200-pew-38-wcap-18mm-plug;NOUVEAU
ambe-200-pd-p1024ebii-pump;AMBE-200 + PD-P1024EBII PUMP;200;1.45;100;;OUI;1;;https://eu.store.takemotopkg.com/products/ambe-200-pd-p1024ebii-pump;NOUVEAU
ambe-200-pd-p1024bii-pump;AMBE-200 + PD-P1024BII PUMP;200;1.44;100;;OUI;1;;https://eu.store.takemotopkg.com/products/ambe-200-pd-p1024bii-pump;NOUVEAU
ambe-200-pd-p0524b-pump-pd-p0524-top-cap-b;AMBE-200 + PD-P0524B PUMP + PD-P0524 TOP CAP B;200;1.63;100;;OUI;1;;https://eu.store.takemotopkg.com/products/ambe-200-pd-p0524b-pump-pd-p0524-top-cap-b;NOUVEAU
ambe-200-pc3-flip-top-cap;AMBE-200 + PC3⌀ FLIP-TOP CAP;200;0.86;100;;OUI;1;;https://eu.store.takemotopkg.com/products/ambe-200-pc3-flip-top-cap;NOUVEAU
ambe-200-pb-v35-cap;AMBE-200 + PB-V35 CAP;200;0.96;100;;OUI;1;;https://eu.store.takemotopkg.com/products/ambe-200-pb-v35-cap;NOUVEAU
ambe-200-pa-28-cap-p-4-plug;AMBE-200 + PA-28 CAP + P-4⌀ PLUG;200;0.94;100;;OUI;1;;https://eu.store.takemotopkg.com/products/ambe-200-pa-28-cap-p-4-plug;NOUVEAU
ambe-200-pa-28-cap-18mm-plug;AMBE-200 + PA-28 CAP + 18⌀ PLUG;200;0.95;100;;OUI;1;;https://eu.store.takemotopkg.com/products/ambe-200-pa-28-cap-18mm-plug;NOUVEAU
ambe-200-p-27-cap-with-inner-ring;AMBE-200 + P-27 CAP WITH INNER RING;200;0.79;100;;OUI;1;;https://eu.store.takemotopkg.com/products/ambe-200-p-27-cap-with-inner-ring;NOUVEAU
ambe-200-p-twist-cap;AMBE-200 + P-TWIST CAP;200;1.04;100;;OUI;1;;https://eu.store.takemotopkg.com/products/ambe-200-p-twist-cap;NOUVEAU
ambe-200-p-nozzle-cap-p-nozzle-plug;AMBE-200 + P-NOZZLE CAP + P-NOZZLE PLUG;200;0.93;100;;OUI;1;;https://eu.store.takemotopkg.com/products/ambe-200-p-nozzle-cap-p-nozzle-plug;NOUVEAU
ag-30-tbg30-dropper-without-rib;AG-30 + TBG30 DROPPER WITHOUT RIB;30;;100;;OUI;1;;https://eu.store.takemotopkg.com/products/ag-30-tbg30-dropper-without-rib;NOUVEAU
