Pages les plus populaires,Clics,Impressions,CTR,Position
https://www.mylab-shop.com/,435,8822,4.93%,12.52
https://www.mylab-shop.com/laboratoire-cosmetique-marque-blanche/,146,4892,2.98%,26.09
https://www.mylab-shop.com/creer-sa-marque-de-cosmetique-capillaire-profesionnel-en-ligne/,125,2288,5.46%,12.28
https://www.mylab-shop.com/testez-les-produits/,46,1136,4.05%,6.95
https://www.mylab-shop.com/laboratoire-cosmetique-lyon/,35,1634,2.14%,12.44
https://www.mylab-shop.com/creme-capillaire-professionnelle-marque-blanche/,33,1112,2.97%,10.35
https://www.mylab-shop.com/laboratoire-cosmetique-a-marseille/,22,596,3.69%,11.08
https://www.mylab-shop.com/contact/,15,504,2.98%,5.37
https://www.mylab-shop.com/produit-de-finition-coiffure-marque-blanche/,11,626,1.76%,12.92
https://www.mylab-shop.com/laboratoire-cosmetique-paca/,11,387,2.84%,27.96
https://www.mylab-shop.com/shampoing-en-marque-blanche/,11,278,3.96%,13.85
https://www.mylab-shop.com/huile-seche-cheveux-marque-blanche/,10,2540,0.39%,18.77
https://www.mylab-shop.com/la-boutique-my-lab/,10,564,1.77%,5.71
https://www.mylab-shop.com/serum-cheveux-marque-blanche/,10,362,2.76%,16.44
https://www.mylab-shop.com/produit/huile-a-barbe-au-cbd/,8,217,3.69%,10.65
https://www.mylab-shop.com/laboratoire-cosmetique-aix-en-provence/,6,541,1.11%,15.15
https://www.mylab-shop.com/categorie-produit/gamme-barber/,5,151,3.31%,22.79
https://www.mylab-shop.com/temoignages-clients-2/,5,94,5.32%,4.82
https://www.mylab-shop.com/catalogue-prix-et-formules-mylab/,5,60,8.33%,6.75
https://www.mylab-shop.com/produit/pack-barber/,4,620,0.65%,35.26
https://www.mylab-shop.com/produit/shampoing-blond-vanille-testeur-2/,3,265,1.13%,8.74
https://www.mylab-shop.com/faq-my-lab/,2,131,1.53%,7.35
https://www.mylab-shop.com/rejoignez-nous/,2,96,2.08%,43.5
https://www.mylab-shop.com/produit/shampoing-volume-2/,2,9,22.22%,6.11
https://www.mylab-shop.com/modeles-etiquettes/,1,1704,0.06%,30.05
https://www.mylab-shop.com/produit/shampoing-chocolat-testeur/,1,134,0.75%,8.81
https://www.mylab-shop.com/les-etapes-pour-creer-sa-marque-de-cosmetique-capillaire/,1,107,0.93%,4.75
https://www.mylab-shop.com/produit/creme-ha-repulpe-2/,1,70,1.43%,7.66
https://www.mylab-shop.com/produit/baume-matifiant-a-largile-verte-testeur/,1,62,1.61%,6.85
https://www.mylab-shop.com/produit/shampoing-1l-coloristeur-blond-vanille/,1,16,6.25%,7.69
https://www.mylab-shop.com/produit/shampoing-protecteur-de-couleur-testeur/,1,16,6.25%,20.81
https://www.mylab-shop.com/produit/shampoing-purifiant-testeur/,1,14,7.14%,13.14
https://www.mylab-shop.com/produit/shampoing-lissant-testeur/,1,13,7.69%,8.08
https://www.mylab-shop.com/produit/shampoing-boucles-testeur/,1,12,8.33%,8
https://www.mylab-shop.com/produit/shampoing-harepulpe-testeur/,1,11,9.09%,4.36
https://www.mylab-shop.com/produit/masque-capillaire-pour-homme-au-cbd/,1,11,9.09%,5.55
https://www.mylab-shop.com/produit/masque-intense-testeur/,1,6,16.67%,6.5
https://www.mylab-shop.com/produit/creme-lissante-2/,1,5,20%,6.6
https://www.mylab-shop.com/produit/shampoing-boucles-1l/,1,5,20%,7.6
https://www.mylab-shop.com/categorie-produit/masques/,1,2,50%,5
https://www.mylab-shop.com/categorie-produit/gamme-mixte/les-ha-repulpe/,1,1,100%,1
https://www.mylab-shop.com/categorie-produit/gamme-mixte/cremes/,1,1,100%,3
https://www.mylab-shop.com/produit/shampoing-cuivre-intense-testeur/,0,185,0%,21.05
https://www.mylab-shop.com/masque-capillaire-professionnel-marque-blanche/,0,126,0%,18.56
https://www.mylab-shop.com/les-accessoires-my-lab/,0,100,0%,7.33
https://www.mylab-shop.com/produit/creme-volume/,0,68,0%,8.49
https://www.mylab-shop.com/notre-histoire-mylab/,0,64,0%,5.05
https://www.mylab-shop.com/produit/frais-dimpression-etiquettes/,0,64,0%,18.98
https://www.mylab-shop.com/produit/shampoing-dejaunisseur-platine-2/,0,59,0%,9.92
https://www.mylab-shop.com/produit/pate-texturisante-50ml/,0,50,0%,10.1
https://www.mylab-shop.com/produit/creme-protectrice-de-couleur/,0,43,0%,6.72
https://www.mylab-shop.com/produit/shampoing-gel-douche-testeur/,0,43,0%,10.3
https://www.mylab-shop.com/produit/shampoing-coloristeur-cuivre/,0,41,0%,10.51
https://www.mylab-shop.com/produit/creation-de-codes-barres-professionnels/,0,28,0%,12.25
https://www.mylab-shop.com/categorie-produit/pack-de-lancement/,0,27,0%,2.26
https://www.mylab-shop.com/categorie-produit/testeur-creme/,0,27,0%,6.26
https://www.mylab-shop.com/produit/shampoing-coloristeur-blond-vanille/,0,25,0%,9.24
https://www.mylab-shop.com/etiquette-produit/shampoing-1l/,0,25,0%,10.16
https://www.mylab-shop.com/produit/offre-pack-complet/,0,25,0%,10.28
https://www.mylab-shop.com/produit/masque-marron-noisette-testeur/,0,24,0%,8.29
https://www.mylab-shop.com/produit/pate-texturisante-a-largile-blanche-testeur/,0,23,0%,12.22
https://www.mylab-shop.com/produit/huile-a-barbe-testeur/,0,22,0%,9.36
https://www.mylab-shop.com/produit/serum-barbe-testeur/,0,21,0%,6.71
https://www.mylab-shop.com/produit/masque-volume/,0,21,0%,8.95
https://www.mylab-shop.com/produit/baume-matifiant/,0,21,0%,9.9
https://www.mylab-shop.com/produit/cire-mat-50ml/,0,19,0%,9.21
https://www.mylab-shop.com/etiquette-produit/50ml/,0,18,0%,7.5
https://www.mylab-shop.com/produit/masque-ha-repulpe/,0,17,0%,5.65
https://www.mylab-shop.com/produit/duo-produits-de-finition/,0,17,0%,17.71
https://www.mylab-shop.com/produit/spray-texturisant-testeur/,0,16,0%,7
https://www.mylab-shop.com/produit/fresh/,0,16,0%,7.25
https://www.mylab-shop.com/produit/masque-reparateur-sans-rincage-testeur/,0,16,0%,43.06
https://www.mylab-shop.com/produit/masque-coloristeur-blond-vanille/,0,15,0%,4.53
https://www.mylab-shop.com/produit/coffret-decouverte-barber/,0,15,0%,18.67
https://www.mylab-shop.com/produit/etiquette-feuillage-graphique/,0,15,0%,24.47
https://www.mylab-shop.com/produit/shampoing-gel-douche-homme/,0,14,0%,7.21
https://www.mylab-shop.com/produit/nourrissante-testeur/,0,14,0%,13.5
https://www.mylab-shop.com/produit/adhesion-mylab/,0,14,0%,18.5
https://www.mylab-shop.com/produit/shampoing-coloristeur-blond-soleil/,0,13,0%,7.62
https://www.mylab-shop.com/produit/number/,0,13,0%,12.38
https://www.mylab-shop.com/produit/shampoing-coloristeur-marron-noisette/,0,12,0%,9.42
https://www.mylab-shop.com/produit/spray-texturisant-2/,0,12,0%,10.25
https://www.mylab-shop.com/produit/shampoing-volume-1l/,0,12,0%,25.58
https://www.mylab-shop.com/produit/bain-miraculeux/,0,11,0%,14.09
https://www.mylab-shop.com/produit/masque-lissant/,0,11,0%,18.45
https://www.mylab-shop.com/produit/pack-de-revente/,0,10,0%,9.7
https://www.mylab-shop.com/produit/serum-barbe/,0,9,0%,4.11
https://www.mylab-shop.com/categorie-produit/marketing-personnalisable/,0,9,0%,8.11
https://www.mylab-shop.com/produit/etiquette-aquarel/,0,9,0%,8.78
https://www.mylab-shop.com/produit/bain-miraculeux-testeur/,0,8,0%,5.75
https://www.mylab-shop.com/produit/shampoing-dejaunisseur-platine/,0,8,0%,6
https://www.mylab-shop.com/produit/masque-platine-testeur/,0,8,0%,7.38
https://www.mylab-shop.com/produit/creme-ha-repulpe-testeur/,0,8,0%,9.88
https://www.mylab-shop.com/produit/shampoing-1l-coloristeur-chocolat/,0,8,0%,11.5
https://www.mylab-shop.com/produit/serum-finition-ultime-testeur/,0,8,0%,17.5
https://www.mylab-shop.com/produit/shampoing-purifiant-1l/,0,7,0%,7.71
https://www.mylab-shop.com/produit/masque-coloristeur-cuivre/,0,7,0%,8.57
https://www.mylab-shop.com/produit/creme-boucle/,0,7,0%,9
https://www.mylab-shop.com/produit/shampoing-ha-repulpe-1-l/,0,6,0%,5
https://www.mylab-shop.com/produit/shampoing-nourrissant-testeur/,0,6,0%,6.17
https://www.mylab-shop.com/produit/masque-ha-repulpe-testeur/,0,6,0%,7.17
https://www.mylab-shop.com/produit/cire-gummy-50ml/,0,6,0%,9.17
https://www.mylab-shop.com/produit/etiquette-zebra/,0,6,0%,22.5
https://www.mylab-shop.com/produit/creme-volume-testeur/,0,5,0%,4.8
https://www.mylab-shop.com/categorie-produit/testeur-soin/,0,5,0%,5.8
https://www.mylab-shop.com/categorie-produit/gamme-mixte/les-volumes/,0,5,0%,6.2
https://www.mylab-shop.com/produit/shampoing-volume-testeur/,0,5,0%,8.8
https://www.mylab-shop.com/wp-content/uploads/2023/06/huile-serum-en-marque-blanche.jpg,0,5,0%,14.4
https://www.mylab-shop.com/produit/creme-nourrissante/,0,5,0%,15.4
https://www.mylab-shop.com/categorie-produit/testeur-produit/,0,4,0%,5
https://www.mylab-shop.com/produit/azul/,0,4,0%,5.25
https://www.mylab-shop.com/produit/shampoing-protecteur-de-couleur/,0,4,0%,5.75
https://www.mylab-shop.com/produit/shampoing-gel-douche-1-l/,0,4,0%,6.25
https://www.mylab-shop.com/produit/trio-lissant/,0,4,0%,6.25
https://www.mylab-shop.com/produit/masque-blond-vanille-testeur/,0,4,0%,8.5
https://www.mylab-shop.com/produit/masque-boucles-testeur/,0,4,0%,9.5
https://www.mylab-shop.com/produit/etiquette-prestige/,0,4,0%,23.75
https://www.mylab-shop.com/produit/duo-purifiant/,0,4,0%,25
https://www.mylab-shop.com/produit/masque-coloristeur-blond-soleil/,0,3,0%,3
https://www.mylab-shop.com/categorie-produit/coloristeur-shampoing-1l/,0,3,0%,4.67
https://www.mylab-shop.com/produit/masque-1l-coloristeur-cuivre-intense/,0,3,0%,8.33
https://www.mylab-shop.com/produit/etiquette-green-floral/,0,3,0%,9.33
https://www.mylab-shop.com/produit/cire-brillante-de-finition-en-50-ml/,0,3,0%,9.67
https://www.mylab-shop.com/produit/masque-lissant-testeur/,0,3,0%,9.67
https://www.mylab-shop.com/produit/serum-finition-ultime/,0,3,0%,25
https://www.mylab-shop.com/produit/shampoing-lissant-1l/,0,3,0%,38
https://www.mylab-shop.com/produit/video-promo/,0,3,0%,81
https://www.mylab-shop.com/produit/trio-ha-repulpe/,0,2,0%,1.5
https://www.mylab-shop.com/produit/coffret-decouverte/,0,2,0%,2
https://www.mylab-shop.com/categorie-produit/gamme-mixte/,0,2,0%,3
https://www.mylab-shop.com/produit/masque-cuivre-intense-testeur/,0,2,0%,4
https://www.mylab-shop.com/produit/etiquette-ornement/,0,2,0%,6
https://www.mylab-shop.com/categorie-produit/testeur-masque/,0,2,0%,6.5
https://www.mylab-shop.com/produit/masque-nourrissant/,0,2,0%,6.5
https://www.mylab-shop.com/produit/trio-nourrissant/,0,2,0%,6.5
https://www.mylab-shop.com/produit/masque-protecteur-de-couleur-1-l/,0,2,0%,7
https://www.mylab-shop.com/categorie-produit/coloristeur-shampoing-200-ml/,0,2,0%,9
https://www.mylab-shop.com/produit/creme-boucles-testeur/,0,2,0%,9
https://www.mylab-shop.com/produit/shampoing-marron-noisette-testeur/,0,2,0%,9
https://www.mylab-shop.com/produit/shampoing-nourrissant-1-l/,0,2,0%,9
https://www.mylab-shop.com/produit/gel-a-raser/,0,2,0%,10
https://www.mylab-shop.com/produit/masque-volume-testeur/,0,2,0%,11
https://www.mylab-shop.com/wp-content/uploads/2022/05/photo-1-etiquette-mylab-scaled.jpg,0,2,0%,14
https://www.mylab-shop.com/wp-content/uploads/2023/06/finesse-2.png,0,2,0%,17.5
https://www.mylab-shop.com/produit/masque-boucles/,0,2,0%,22.5
https://www.mylab-shop.com/produit/shampoing-1l-coloristeur-marron-noisette/,0,1,0%,1
https://www.mylab-shop.com/categorie-produit/etiquette-personnalisable/,0,1,0%,3
https://www.mylab-shop.com/produit/creme-lissante-testeur/,0,1,0%,3
https://www.mylab-shop.com/produit/masque-blond-soleil-testeur/,0,1,0%,5
https://www.mylab-shop.com/wp-content/uploads/2023/06/Green-floral.png,0,1,0%,5
https://www.mylab-shop.com/produit/creme-protecteur-de-couleur-testeur/,0,1,0%,6
https://www.mylab-shop.com/produit/masque-nourrissant-testeur/,0,1,0%,6
https://www.mylab-shop.com/produit/shampoing-repulpe/,0,1,0%,6
https://www.mylab-shop.com/produit/etiquette-finesse/,0,1,0%,7
https://www.mylab-shop.com/produit/masque-1l-dejaunisseur-platine/,0,1,0%,8
https://www.mylab-shop.com/produit/shampoing-lissant/,0,1,0%,8
https://www.mylab-shop.com/categorie-produit/gamme-mixte/les-lissants/,0,1,0%,9
https://www.mylab-shop.com/produit/masque-ha-repulpe-1l/,0,1,0%,9
https://www.mylab-shop.com/produit/shampoing-boucle/,0,1,0%,10
https://www.mylab-shop.com/produit/shampoing-blond-vanille-testeur/,0,1,0%,12
https://www.mylab-shop.com/produit/shampoing-1l-dejaunisseur-platine/,0,1,0%,13
https://www.mylab-shop.com/produit/shampoing-protecteur-de-couleur-1l/,0,1,0%,13
https://www.mylab-shop.com/wp-content/uploads/2023/06/zebra.png,0,1,0%,13
https://www.mylab-shop.com/produit/masque-protecteur/,0,1,0%,14
https://www.mylab-shop.com/wp-content/uploads/2023/06/AZUL.png,0,1,0%,21