Requêtes les plus fréquentes,Clics,Impressions,CTR,Position
my lab,103,534,19.29%,4
mylab,94,1384,6.79%,3.66
my.lab,30,48,62.5%,5.29
my lab laboratoire,11,69,15.94%,1.9
marque blanche cosmétique,10,284,3.52%,14.48
mylab laboratoire,10,236,4.24%,4.6
laboratoire création produit capillaire,7,88,7.95%,2.27
laboratoire marque blanche petite quantité,6,126,4.76%,9.8
laboratoire cosmetique lyon,6,96,6.25%,3.61
laboratoire cosmétique lyon,6,89,6.74%,7.43
echantillon shampoing,6,72,8.33%,4.58
laboratoire marque blanche,4,89,4.49%,20.49
marque blanche cosmétique prix,4,38,10.53%,7.63
laboratoire cosmetique marque blanche,3,99,3.03%,16.38
laboratoire cosmétique marseille,3,82,3.66%,11.18
laboratoire cosmétique marque blanche,3,44,6.82%,23.68
créer sa marque de produits capillaire prix,3,42,7.14%,6.76
laboratoire marque blanche france,3,25,12%,8.48
laboratoire marque blanche petite quantité france,3,25,12%,12.28
laboratoire capillaire,3,20,15%,2.85
marque blanche cosmétique petite quantité,3,15,20%,10.2
marque blanche coiffure,3,11,27.27%,3.55
marque blanche cosmetique,2,68,2.94%,16.19
cosmetique marque blanche,2,56,3.57%,15.16
my labo,2,48,4.17%,5.44
cosmétique marque blanche,2,37,5.41%,10.89
entreprise cosmétique marseille,2,35,5.71%,8.46
laboratoire cosmetique marseille,2,25,8%,10.4
labo marque blanche,2,5,40%,10
huile cheveux,1,344,0.29%,29.07
laboratoire création cosmétique prix,1,177,0.56%,10.38
laboratoire cosmétique,1,165,0.61%,33.01
laboratoire fabrication cosmétique,1,145,0.69%,15.53
la gamme blanche,1,135,0.74%,7.42
gamme blanche coiffure,1,77,1.3%,4.23
shampoing blond vanille,1,74,1.35%,6.86
laboratoire mylab,1,67,1.49%,6.33
produit marque blanche,1,61,1.64%,13.82
la gamme blanche coiffure,1,57,1.75%,3.65
créer sa marque de cosmétique,1,53,1.89%,18.57
catalogue marque blanche,1,50,2%,10.66
pack barber,1,48,2.08%,5.1
laboratoire cosmétique aix en provence,1,45,2.22%,7.78
shampoing chocolat,1,41,2.44%,9.66
my labs,1,37,2.7%,12.19
laboratoire cosmétique france,1,30,3.33%,43.83
la marque blanche,1,27,3.7%,9.04
marque blanche produit capillaire,1,26,3.85%,1.96
laboratoire produit capillaire afro,1,25,4%,7.08
mylab espace client,1,25,4%,8.12
laboratoire cheveux,1,25,4%,8.6
échantillons cosmétiques,1,20,5%,9.55
shampoing vanille,1,20,5%,12.9
laboratoire cosmétique marque blanche france,1,17,5.88%,9.94
testeur de shampoing,1,15,6.67%,6.73
laboratoire cosmétique paca,1,14,7.14%,4.86
créer une gamme de produit capillaire afro,1,10,10%,3.4
mylab avis,1,10,10%,3.4
marque blanche cosmétique bio,1,9,11.11%,17.67
my lab cosmetics,1,7,14.29%,6
marque produit capillaire professionnel,1,7,14.29%,8.57
my-lab,1,7,14.29%,10.86
laboratoire cosmétique petite quantité,1,7,14.29%,57.43
my labe,1,6,16.67%,4.33
myllab,1,5,20%,3.2
échantillon produit,1,4,25%,6.75
laboratoire fournisseur cosmétique,1,4,25%,9.25
my lab.,1,3,33.33%,4
mykoshop,1,2,50%,3
mylab shop,1,1,100%,1
make my mask point de vente,1,1,100%,2
une boutique en ligne,1,1,100%,4
cosmétique marque,1,1,100%,17
huile de cheveux,0,368,0%,5.89
huile pour cheveux,0,279,0%,27.89
laboratoire coiffure,0,273,0%,18.12
huile capillaire,0,268,0%,10.92
marque blanche,0,254,0%,31.96
marque blanche logiciel,0,239,0%,95.78
marque blanche webmaster,0,227,0%,81.78
etiquette cosmetique,0,169,0%,48.73
etiquette produit cosmetique,0,158,0%,53.05
plateforme marque blanche,0,142,0%,91.85
huile sèche cheveux,0,132,0%,48.86
laboratoire creation cosmetique,0,124,0%,16.37
fournisseur cosmétique marque blanche,0,113,0%,12.42
étiquette produit cosmétique,0,109,0%,24.1
oil cheveux,0,102,0%,5.83
creation laboratoire aix,0,96,0%,29.15
laboratoire salon de coiffure,0,90,0%,10.97
étiquettes cosmétiques,0,86,0%,33.4
laboratoire de cosmétique,0,83,0%,17.59
etiquette shampoing,0,81,0%,2.43
étiquette produit de beauté,0,80,0%,56.62
oil pour cheveux,0,78,0%,5.59
marque professionnelle,0,77,0%,57.29
shampoing cuivré,0,74,0%,10
model etiquette,0,73,0%,11.4
logiciel marque blanche,0,70,0%,92.86
créer sa marque de cosmétique laboratoire,0,68,0%,21.34
produits capillaires acheter en ligne,0,67,0%,8.09
produits capillaires achat en ligne,0,67,0%,8.39
huiles pour cheveux,0,66,0%,60.17
labo cosmetique,0,60,0%,14.68
étiquette cosmétique,0,60,0%,66.42
étiquette gamme +,0,59,0%,5.83
laboratoire création cosmétique,0,59,0%,23.95
laboratoire cosmetique,0,58,0%,15.74
lab shop,0,56,0%,6.75
façonnier marque blanche cosmétique,0,52,0%,60.67
acheter produits capillaires en ligne,0,50,0%,9.18
créer sa marque de cosmétique fournisseur,0,50,0%,14.68
marque blanche cheveux,0,48,0%,6.21
laboratoire formulation cosmétique,0,47,0%,40.79
produits capillaires en ligne,0,46,0%,7.76
produits capillaires vente en ligne,0,45,0%,8.84
masque capillaire professionnel marque blanche,0,45,0%,32.64
laboratoire cosmetique francais,0,45,0%,51.62
fournisseur laboratoire produits cosmétiques,0,44,0%,28.2
shampooing cheveux cuivré,0,44,0%,42.3
laboratoire cosmetique france,0,44,0%,48.39
produits capillaires naturels professionnels,0,43,0%,11.72
etiquettes pour produits cosmetiques,0,42,0%,49.74
masque capillaire marque blanche cheveux secs,0,39,0%,31.87
agence marque blanche,0,39,0%,33.13
produit barber shop,0,39,0%,38.72
produit barbier,0,39,0%,53.36
fournisseur produits capillaires bio professionnels,0,38,0%,17.18
marque blanche agence,0,37,0%,24.97
marque blanche assurance,0,37,0%,28.73
crème capillaire professionnel marque blanche,0,37,0%,33.65
produits barber,0,37,0%,34.22
produit de barbier,0,37,0%,48.22
huiles cheveux,0,36,0%,19.5
spray texturant professionnel marque blanche,0,36,0%,37.89
produit barber,0,36,0%,40.25
produit coiffeur en ligne,0,36,0%,62.56
mylabs,0,35,0%,5.31
laboratoire cosmétiques,0,35,0%,12.03
produit cosmetique marque blanche,0,35,0%,17.31
crème capillaire marque blanche cheveux bouclés,0,35,0%,23.66
marque barbier,0,35,0%,38.37
affiliation marque blanche,0,35,0%,50.34
huile nourrissante cheveux,0,33,0%,38.06
produits capillaires professionnels,0,32,0%,52.12
échantillon shampoing,0,31,0%,5.84
cosmétique capillaire,0,31,0%,7.84
shampoing professionnel marque blanche cheveux bouclés,0,31,0%,33.68
crème capillaire marque blanche,0,31,0%,34.61
produits barber shop,0,31,0%,35.29
marque de produit professionnel coiffure,0,31,0%,48.29
shampoing professionnel marque blanche,0,30,0%,28.43
crème capillaire marque blanche cheveux secs,0,30,0%,28.83
soins capillaire marque blanche,0,30,0%,32.77
barber shop produit,0,30,0%,41.63
marque blanche cosmétiques,0,28,0%,17.25
produit pour barbier,0,28,0%,76.68
barber kit,0,27,0%,10.93
maquillage marque blanche,0,27,0%,12.44
huile seche cheveux,0,27,0%,23.37
fabricant de cosmetique,0,27,0%,37.81
entreprise cosmetique lyon,0,26,0%,9.31
huile seche pour cheveux,0,26,0%,22.62
shampoing professionnel marque blanche cheveux secs,0,26,0%,29.08
huile pour les cheveux,0,26,0%,34.42
gel douche cbd,0,25,0%,12.28
masque capillaire marque blanche cheveux bouclés,0,25,0%,25
marque blanche seo,0,25,0%,46.4
huiles essentielles marque blanche,0,25,0%,46.6
logiciel en marque blanche,0,25,0%,96.92
echantillons shampoing,0,24,0%,12.58
laboratoire cosmétique sur mesure,0,24,0%,35.62
marque coiffure professionnel,0,24,0%,62.67
produits pour barbier,0,24,0%,85.12
lab cosmetics,0,23,0%,6.22
repulpe,0,23,0%,9.39
shampooing vanille,0,23,0%,12.43
achat produits capillaires en ligne,0,22,0%,12.73
cosmétique lyon,0,22,0%,16.45
impression etiquette prix,0,22,0%,19.64
laboratoire cosmétique bio,0,22,0%,42.64
etiquette personnalisée pour cosmetique,0,22,0%,55.68
etiquette autocollante beauté,0,22,0%,91.18
baume matifiant,0,21,0%,8
produit capillaire professionnel,0,21,0%,11.43
laboratoire fabrication produits capillaires,0,21,0%,23.38
marque blanche site internet,0,21,0%,24.71
marque blanche immobilier,0,21,0%,29.52
marque produit coiffure professionnel,0,21,0%,33.76
cms marque blanche,0,21,0%,90.24
shampoing platine,0,20,0%,8.7
shampooing professionnel lyon,0,20,0%,22.4
ppc marque blanche,0,20,0%,37.8
laboratoire produit de coiffure naturel,0,20,0%,41.75
étiquettes cosmétiques personnalisées,0,20,0%,53.7
kit barber shop,0,19,0%,8
laboratoire de fabrication cosmetique,0,19,0%,14.89
marque barbier professionnel,0,19,0%,65.16
produit en marque blanche,0,18,0%,4.94
testeur echantillon,0,18,0%,8.5
entreprise cosmétique lyon,0,18,0%,10.72
créer sa marque de cosmétique prix,0,18,0%,12.33
my cosmetics,0,18,0%,16.5
marque de produit capillaire professionnel,0,18,0%,24.94
laboratoire,0,18,0%,29.56
etiquette cosmétique,0,18,0%,66.33
huile des cheveux,0,17,0%,6.24
le baume matifiant,0,17,0%,8.94
shampooing chocolat,0,17,0%,9.12
laboratoire produits cosmétiques,0,17,0%,15.35
cosmetique capillaire,0,17,0%,21.53
etiquettes cosmetiques,0,17,0%,62.88
échantillons shampoing,0,16,0%,3
shampoing au chocolat,0,16,0%,7.94
entreprise cosmétique aix en provence,0,16,0%,10.44
laboratoires cosmétiques bio,0,16,0%,25.31
produits barbier,0,16,0%,69.06
produit coiffure en ligne,0,16,0%,80.81
exemple d'étiquette,0,15,0%,1.4
étiquette shampoing,0,15,0%,2.33
l huile capillaire,0,15,0%,3.87
produits capillaires vegan lyon,0,15,0%,4.07
l huile pour cheveux,0,15,0%,8.47
soins capillaires naturels professionnels,0,15,0%,13.6
imprimer etiquette prix,0,15,0%,19.13
laboratoire produit cosmétique,0,14,0%,10.36
marque blanche cosmétique dropshipping,0,14,0%,10.64
cosmetique lyon,0,14,0%,12.79
échantillons produits,0,14,0%,25.5
etiquettes cosmetique,0,14,0%,69.93
imprimeur étiquette cosmétique,0,14,0%,72.79
acheter produit coiffure en ligne,0,14,0%,87
laboratoire autour de moi,0,13,0%,3
creme volume,0,13,0%,9.23
masque volume,0,13,0%,9.38
produits de beauté lyon,0,13,0%,14.62
laboratoire cosmétique en ligne,0,13,0%,18.23
etiquette produit de beauté,0,13,0%,18.62
obtenir un code barre pour mes produits cosmétiques,0,13,0%,19.31
cire coiffante professionnel marque blanche,0,13,0%,35.31
site web marque blanche,0,13,0%,43.92
produit barbier professionnel,0,13,0%,49.08
barber produit,0,13,0%,49.46
lab,0,13,0%,50.08
kit barbier,0,13,0%,50.62
optique en marque blanche,0,13,0%,74.15
savon marque blanche,0,13,0%,83
laboratoire cosmethic lyon,0,12,0%,7.33
shampooing platine,0,12,0%,10.58
labo cosmétique,0,12,0%,14.17
laboratoire cosmétique naturel,0,12,0%,18.58
étiquette cosmétique rhone alpes,0,12,0%,19.83
gamme blanche,0,12,0%,29.17
produit coiffure,0,12,0%,82.67
modèle d'étiquette,0,11,0%,3.55
marque capillaire,0,11,0%,3.82
baume argile verte,0,11,0%,7.82
l huile cheveux,0,11,0%,7.82
blanche cosmetique,0,11,0%,13.09
my cosm,0,11,0%,18
etiquettes gamme +,0,11,0%,18.64
fournisseur produits coiffure naturels,0,11,0%,18.73
laboratoires cosmétique,0,11,0%,21.91
fabricant cosmetique,0,11,0%,35.45
laboratoire produit de coiffure vegan,0,11,0%,35.91
avoir un site internet pour laboratoire,0,11,0%,48.45
produit coiffure professionnel,0,11,0%,50.82
modèle d'étiquette tasse,0,11,0%,52.55
produits coiffure marseille,0,11,0%,53.45
fabricant produits cosmétiques,0,11,0%,63.73
produit coiffure bio professionnel,0,11,0%,78.09
bouteille huile cheveux,0,10,0%,2.2
"comment trouver des soins capillaires propres fabriqués avec des formules 
pures ?",0,10,0%,2.4
huil de cheveux,0,10,0%,3.5
huile capilaire,0,10,0%,3.7
laboratoire pour créer sa marque de cosmétique,0,10,0%,6.4
creme protectrice couleur,0,10,0%,7.2
mylab recrutement,0,10,0%,9.9
fabricant shampooings,0,10,0%,11.8
laboratoire cosmetiques,0,10,0%,13.1
cosmétique bio lyon,0,10,0%,18.3
etiquettes modeles,0,10,0%,18.3
laboratoire dermatologique lyon,0,10,0%,20.2
modèles étiquettes,0,10,0%,24.7
marque produit cheveux professionnel,0,10,0%,37.3
produits barbier professionnel,0,10,0%,68.3
produit de coiffure professionnel en ligne,0,10,0%,98.5
laboratoire de fabrication cosmétique,0,9,0%,10.22
entreprises cosmétiques lyon,0,9,0%,10.78
marque blanche cosmétique france,0,9,0%,10.89
echantillons produit,0,9,0%,13
huile pour cheveux coiffeur,0,9,0%,14.89
etiquette cosmetique a imprimer,0,9,0%,19.22
échantillon cosmétique haut de gamme,0,9,0%,21.33
cosmétique laboratoire,0,9,0%,27.22
modele d etiquette,0,9,0%,29.11
laboratoire salon de coiffure vegan,0,9,0%,34.22
marque de produit de coiffure professionnel,0,9,0%,34.44
brand produits de laboratoire,0,9,0%,36.44
marque de produit de coiffure,0,9,0%,47.89
produit coiffure professionnel en ligne,0,9,0%,87.11
blanche coiffure,0,8,0%,2.88
exemple étiquette produit,0,8,0%,5.88
produit de finition coiffure,0,8,0%,6.38
find my lab,0,8,0%,6.5
"is it où acheter des produits de traitement capillaire de qualité 
professionnelle ?",0,8,0%,6.5
marque blanche laboratoire,0,8,0%,8
cosmetique marque blanche france,0,8,0%,9.75
fabrication cosmétique laboratoire,0,8,0%,10.38
laboratoir cosmetique,0,8,0%,15.5
industrie cosmétique lyon,0,8,0%,15.75
lab shops,0,8,0%,16.38
soin cheveux personnalisé,0,8,0%,17.25
fournisseur marque blanche france,0,8,0%,27.88
site marque blanche,0,8,0%,33.25
huile barbe cholet,0,8,0%,34.5
marque produit coiffure,0,8,0%,49.12
produits capillaires,0,8,0%,67.25
referencement marque blanche,0,8,0%,75.75
site vente produit coiffure professionnel,0,8,0%,114
capillaire laboratoire,0,7,0%,3.57
modele etiquette prix,0,7,0%,5.43
où acheter des produits de beauté en format échantillon ?,0,7,0%,8.29
marque my,0,7,0%,9.14
le pack complet,0,7,0%,10.71
huile a cheveux,0,7,0%,11.86
produit fabrication,0,7,0%,16.43
étiquette de prestige,0,7,0%,17.71
produits de finition pour cheveux,0,7,0%,21.71
laboratoires cosmétiques,0,7,0%,31.86
sininime de marque blanche,0,7,0%,41.14
acheter produits capillaires,0,7,0%,52.14
produit cheveux en ligne,0,7,0%,59.29
laboratoires cosmetiques,0,7,0%,65.86
masque sans rinçage,0,7,0%,71.43
marque professionnelle coiffure,0,7,0%,71.86
produit de coiffure professionnel,0,7,0%,85.57
produits coiffure naturels professionnels france,0,6,0%,8.67
laboratoire fabricant,0,6,0%,8.83
lab cosmetic,0,6,0%,9.67
argile blanche pate,0,6,0%,11.67
pate texturisante,0,6,0%,13.67
acheter produits capillaires en france,0,6,0%,14.83
echantillon cosmetique,0,6,0%,16.83
imprimeur etiquette prix,0,6,0%,18.67
marque blanche paris,0,6,0%,19.67
hule pour cheveux,0,6,0%,20.33
lotion capillaire fabriquée en france,0,6,0%,20.5
cosmetique marseille,0,6,0%,21.17
"étiquette produit cosmétique,170,12,1.22,informational,,1,36,cosmétique,p4 
- potentiel",0,6,0%,23.67
creer sa marque de cosmetique,0,6,0%,32.33
echantillon gel douche,0,6,0%,35.5
gamme capillaire professionnelle naturelle,0,6,0%,37.67
cosmétique cheveux,0,6,0%,39
huile cheveu,0,6,0%,42.67
kit du barbier,0,6,0%,48.17
créer sa marque cosmétique,0,6,0%,48.83
shampooing marque,0,6,0%,52.83
créer ma marque de thé,0,6,0%,55
etiquette cosmetique maison,0,6,0%,56.83
produits laboratoire,0,6,0%,62.17
site produit coiffure professionnel,0,6,0%,113.83
produits de coiffure professionnels,0,6,0%,115.33
cosmétiques capillaires,0,5,0%,6.2
etiquettes cosmétique,0,5,0%,7.2
laba shop,0,5,0%,7.4
mylabel beauty,0,5,0%,7.4
marque cheveux professionnel,0,5,0%,9
marque de coiffure professionnelle,0,5,0%,12.4
myl,0,5,0%,12.8
pack complet,0,5,0%,13.8
shampoing cuivre,0,5,0%,14.8
marque blanche france,0,5,0%,15.6
laboratoire cosmetique bio marque blanche,0,5,0%,16.6
modele etiquettes,0,5,0%,17.8
cosmétique marseille,0,5,0%,21.8
gamme capillaire professionnelle,0,5,0%,22.4
coffret barbershop,0,5,0%,23.8
haircare manufacturer,0,5,0%,29.6
étiquettes produits capillaires grenoble,0,5,0%,29.6
huile nourrissante pour cheveux,0,5,0%,38
cosmétique industrie lyon skin care,0,5,0%,38.6
étiquette personnalisée pour cosmétique,0,5,0%,38.8
produit laboratoire,0,5,0%,40.6
marques blanches,0,5,0%,46.4
shampooing 1 litre,0,5,0%,49.2
etiquette de produit cosmetique,0,5,0%,50.2
formulation sur mesure,0,5,0%,56.6
shampoing pigment cuivré,0,5,0%,57.6
étiquette de produit cosmétique,0,5,0%,57.6
etiquette pour produit,0,5,0%,57.8
shampooing personnalisé,0,5,0%,60.4
etiquette pour cosmetique,0,5,0%,72
produit professionnel coiffure,0,5,0%,72.6
produits de soin capillaire professionnels,0,5,0%,87.2
marque coiffeur professionnel,0,4,0%,1
ma lab,0,4,0%,4.75
oui,0,4,0%,5
my la,0,4,0%,5.5
mylabe,0,4,0%,5.75
marque française soins capillaires professionnels en ligne,0,4,0%,7.25
modele etiquette de prix,0,4,0%,7.5
gamme capillaire,0,4,0%,7.75
echantillon produit,0,4,0%,8
marque lab,0,4,0%,8
laboratoire cosmétique pas cher,0,4,0%,8.25
etiquette modele,0,4,0%,8.75
fournisseur cosmetique marque blanche,0,4,0%,8.75
laboratoire cosmétique autour de moi,0,4,0%,10
blanche cosmétique,0,4,0%,11
laboratoire de cosmétiques,0,4,0%,12.25
fournisseur traitements capillaires,0,4,0%,14
masque marron,0,4,0%,14
production lyon skin care,0,4,0%,16.25
industrie cosmétique marseille,0,4,0%,17.25
mon produit coiffure,0,4,0%,17.25
étiquettes produits cosmétiques grenoble,0,4,0%,19
modeles etiquettes,0,4,0%,19.5
cosmétique aix en provence,0,4,0%,20.25
marque blanche voyance,0,4,0%,21
huile de cheve,0,4,0%,21.75
exemple d étiquette,0,4,0%,23.5
produits capillaires bio professionnels,0,4,0%,25.5
product laboratory,0,4,0%,25.75
coffret barber shop,0,4,0%,26.5
kit de barbier,0,4,0%,27.75
shampooing repigmentant cuivré,0,4,0%,29.75
cosmetique bio aix-en-provence,0,4,0%,30
creer ma marque,0,4,0%,31.5
kit barber,0,4,0%,33.25
shampoing cheveux colorés protecteur,0,4,0%,36.75
shampoing repigmentant cuivre,0,4,0%,38.75
créer sa propre marque de cosmétiques,0,4,0%,45.5
marque produit,0,4,0%,49.75
site produit cheveux,0,4,0%,50.75
parfum marque blanche,0,4,0%,52.75
barbes blanches,0,4,0%,54.5
lancer sa marque de cosmétique,0,4,0%,56
crlab france,0,4,0%,60.75
white bio,0,4,0%,63
faire ses étiquettes cosmétiques,0,4,0%,63.25
étiquette cosmetique,0,4,0%,65.25
vente produit capillaire,0,4,0%,68.75
laboratoire pharmaceutique marseille,0,4,0%,71.75
produits de coiffure en ligne,0,4,0%,74
laboratoire de formulation cosmétique,0,4,0%,75.25
grossiste coiffure en ligne,0,4,0%,82
laboratoire cosmétologie,0,4,0%,83.5
produit professionnel barbier,0,4,0%,88
coffret barbier,0,4,0%,88.5
etiquette produit cheveux,0,3,0%,1
laboratoire produit capillaire,0,3,0%,1.33
my beauty lab,0,3,0%,4
marque professionnelle cheveux,0,3,0%,5
soins capillaires personnalisés,0,3,0%,5
mylaba,0,3,0%,5.67
fabricant shampoing,0,3,0%,6
is it où acheter des produits de soins capillaires de qualité salon,0,3,0%,6.67
comment tester des produits capillaires en ligne avant de les acheter ?,0,3,0%,7.33
fournisseur maquillage marque blanche,0,3,0%,7.67
volume 1 l,0,3,0%,8
laboratoire cosmetique francais - créer votre marque de cosmetique,0,3,0%,8.33
paca beauty hair products,0,3,0%,9
my hair shop,0,3,0%,10
kit de barber,0,3,0%,10.33
chips marque blanche,0,3,0%,11
fournisseur produit capillaire,0,3,0%,11
laboratoire france cosmetic lyon,0,3,0%,11
lab coiffure,0,3,0%,11.33
entreprise cosmétique paca,0,3,0%,12.33
étiquettes produits beauté grenoble,0,3,0%,16
lancez votre marque cosmétique,0,3,0%,16.33
shampoing repigmentant cuivré,0,3,0%,17
shampoing protecteur de couleur,0,3,0%,17.67
étiquette pour produit,0,3,0%,17.67
marque blanche anglais,0,3,0%,18
spray de texturant,0,3,0%,18
cosmétiques bio lyon,0,3,0%,21
cosmetique bio lyon,0,3,0%,21.33
étiquette produit cosmétique design,0,3,0%,22
argile texturisante,0,3,0%,23
beauty shop website,0,3,0%,24
étiquettes produits cosmétiques,0,3,0%,24
échantillon cosmétique,0,3,0%,25.33
découvrez notre gamme de produits,0,3,0%,26
imprimeur étiquette prix,0,3,0%,27
cosmetique laboratoire,0,3,0%,33
fabrication colorant lyon,0,3,0%,34.67
modèles d étiquettes,0,3,0%,34.67
coffret barber,0,3,0%,36.33
devis laboratoire produits cosmétiques,0,3,0%,36.67
huile de barbe sans parabène,0,3,0%,39.67
produits duo,0,3,0%,43
grossiste en produits cosmétiques aix-en-provence,0,3,0%,44.33
marque blanche textile,0,3,0%,45
comment créer sa marque de cosmétique,0,3,0%,50.67
laboratoire cosmetique bio france,0,3,0%,55.33
produits professionnels cheveux lyon 3,0,3,0%,58.67
shampoing personnalisé,0,3,0%,60.33
échantillon beauté,0,3,0%,62
laboratoire analyse cosmétique,0,3,0%,67.33
etiquette autocollante cosmetique,0,3,0%,68
kit barbier homme,0,3,0%,73.33
fournisseur coiffure bio,0,3,0%,80.67
fournisseur coiffure en ligne,0,3,0%,83.33
white label haircare,0,3,0%,83.33
produits capillaires et de beauté,0,3,0%,85.67
produits coiffure,0,3,0%,94.33
in my lab,0,2,0%,1
l'huile capillaire,0,2,0%,1
laboratoire analyse autour de moi,0,2,0%,1
étiquettes cosmétiques à imprimer,0,2,0%,1
on my lab,0,2,0%,1.5
mylabv,0,2,0%,2
mylilabye,0,2,0%,2
labcosmetics,0,2,0%,2.5
melab,0,2,0%,2.5
mlb laboratoire,0,2,0%,2.5
lab cosmetics products,0,2,0%,3
création produit,0,2,0%,4
la gamme blanche cosmétique coiffure,0,2,0%,4.5
lab hair,0,2,0%,4.5
produit capillaire,0,2,0%,4.5
laboratoire cavaillon,0,2,0%,5
cosmetique lab,0,2,0%,5.5
my leb,0,2,0%,5.5
my sca,0,2,0%,6
mylab contact number,0,2,0%,6
huile pour cheuveux,0,2,0%,6.5
milab,0,2,0%,6.5
mylab hair,0,2,0%,6.5
barber pack,0,2,0%,7
entreprise de cosmétique lyon,0,2,0%,7
laboratoire analyse métaux lourds cheveux,0,2,0%,7
volume creme,0,2,0%,7.5
my lab hair,0,2,0%,9.5
"où acheter des produits de traitement capillaire de qualité professionnelle 
?",0,2,0%,10
creme protectrice coloration,0,2,0%,11
où acheter des formules de glaçage capillaire de qualité salon ?,0,2,0%,11.5
marque de soin sans moq,0,2,0%,12
my parfum capillaire,0,2,0%,12
shop our products,0,2,0%,12
www lab,0,2,0%,12
urban keratin velaux,0,2,0%,13
laboratoire cosmetic,0,2,0%,14.5
cosmétiques lyon,0,2,0%,15
grossiste cosmetique lyon,0,2,0%,17.5
lab laboratoire,0,2,0%,18
achat produits capillaires france,0,2,0%,19
lyon cosmétique,0,2,0%,19.5
capillaire labo,0,2,0%,20
laboratoire fabrication produit cosmétique,0,2,0%,20.5
shampooing pigment cuivre,0,2,0%,20.5
etiquettes modèles,0,2,0%,22
magasin cosmetique lyon,0,2,0%,23.5
serum de finition cheveux,0,2,0%,24
beauty laboratories,0,2,0%,26.5
oomylab,0,2,0%,26.5
site coiffure pro,0,2,0%,26.5
number shop,0,2,0%,28
platine au labo,0,2,0%,30.5
marque produit cheveux,0,2,0%,31
échantillon gel douche,0,2,0%,32
cosmétologique,0,2,0%,33
labshop,0,2,0%,33.5
marque blanche marketing,0,2,0%,34.5
cosmetique bio marseille,0,2,0%,36.5
produits de laboratoire en ligne,0,2,0%,36.5
m&a lab,0,2,0%,38.5
laboratoire fournisseur cosmetique,0,2,0%,39.5
shampoing pigment cuivre,0,2,0%,40.5
tienda lab,0,2,0%,43.5
lab production,0,2,0%,47.5
marque capillaire professionnelle,0,2,0%,49
marque capillaire professionnelle naturelle,0,2,0%,49
comment lancer sa marque de cosmétique,0,2,0%,49.5
laboratoire barber shop,0,2,0%,50.5
laboratoires,0,2,0%,52
produits capillaire,0,2,0%,52.5
marque blanche fournisseur,0,2,0%,53
coffret de barbe starter pack,0,2,0%,57
etiquette produit cosmétique,0,2,0%,59.5
barber laboratories,0,2,0%,62.5
masque lissant cheveux,0,2,0%,64.5
cosmetique en provence,0,2,0%,67.5
shampoing sur mesure,0,2,0%,67.5
création étiquette prix,0,2,0%,68.5
produit professionnel coiffeur,0,2,0%,68.5
fabricant cosmetiques,0,2,0%,69
marque de coiffure,0,2,0%,69
cosmetique en ligne,0,2,0%,70
créer sa marque de maquillage,0,2,0%,72.5
etiquette cosmétiques,0,2,0%,77.5
cosmétique bio marseille,0,2,0%,81.5
shampooing sur mesure,0,2,0%,86.5
laboratoire complément alimentaire marque blanche,0,2,0%,90.5
achat produit coiffure professionnel,0,2,0%,120.5
analyse du cuir chevelu,0,1,0%,1
bonne huile pour les cheveux,0,1,0%,1
capillaires,0,1,0%,1
huile fortifiante cheveux,0,1,0%,1
huiles capillaires,0,1,0%,1
laboratoire la scala,0,1,0%,1
"le meilleur endroit pour acheter des produits de soin capillaire préservant 
la couleur",0,1,0%,1
medlabs,0,1,0%,1
mon lab,0,1,0%,1
où acheter des produits de protection de la couleur professionnels ?,0,1,0%,1
medialab,0,1,0%,2
muylab,0,1,0%,2
my laboratory,0,1,0%,2
mybeautylab,0,1,0%,2
mylavb,0,1,0%,2
produits cheveux,0,1,0%,2
cosmetic laboratories,0,1,0%,3
huile de cheuveux,0,1,0%,3
lab on hair,0,1,0%,3
my lav,0,1,0%,3
où acheter typology,0,1,0%,3
pmylab,0,1,0%,3
hair care factory,0,1,0%,4
labo cosmetics,0,1,0%,4
laboratoire white label,0,1,0%,4
my french lab,0,1,0%,4
oh my lab,0,1,0%,4
pousse des cheveux,0,1,0%,4
starter barber,0,1,0%,4
lab shampoo,0,1,0%,5
laboratoire cosmétique sud de la france,0,1,0%,5
my lab pro,0,1,0%,5
mylab laboratory,0,1,0%,5
mylab marketing,0,1,0%,5
www.mylab,0,1,0%,5
d'lab cosmetics,0,1,0%,6
huile cheuveux,0,1,0%,6
laboratoi,0,1,0%,6
laboratoire de cosmétologie,0,1,0%,6
laboratoire klorane,0,1,0%,6
marque coiffure professionnel naturel,0,1,0%,6
myl lab,0,1,0%,6
mylabel shampoo,0,1,0%,6
mylabt,0,1,0%,6
où acheter des produits de soins capillaires de qualité salon,0,1,0%,6
où acheter des solutions professionnelles de soins du cuir chevelu ?,0,1,0%,6
pack barberia,0,1,0%,6
starter barber kit,0,1,0%,6
vanilla blonde shampoo,0,1,0%,6
échantillon shampoing gratuit,0,1,0%,6
biopsie cutanée laboratoire,0,1,0%,7
heure d'ouverture du laboratoire d'analyses médicales,0,1,0%,7
labs shop,0,1,0%,7
mylab.,0,1,0%,7
shop lab,0,1,0%,7
base produit cheveux,0,1,0%,8
humylab,0,1,0%,8
labs hair,0,1,0%,8
my beauty shop,0,1,0%,8
my lab photos,0,1,0%,8
my lab salon,0,1,0%,8
pate argile blanche,0,1,0%,8
boutique lab contact number,0,1,0%,9
c quoi,0,1,0%,9
capillaire,0,1,0%,9
laboratoire cosmetologie,0,1,0%,9
number chop,0,1,0%,9
shoo lab,0,1,0%,9
échantillon de produit,0,1,0%,9
barber lab,0,1,0%,10
blanche marque,0,1,0%,10
devis produits cosmétiques,0,1,0%,10
laboratoire capilaire - the labo barber,0,1,0%,10
laboratorio mylab,0,1,0%,10
myclab,0,1,0%,10
savoir-faire cosmetics prix,0,1,0%,10
traduction en anglais,0,1,0%,10
floral green,0,1,0%,11
ha cosmetique,0,1,0%,11
ha products,0,1,0%,11
lab makeup,0,1,0%,11
laboratoire maquillage,0,1,0%,11
marque de produit capillaire,0,1,0%,11
my marque,0,1,0%,11
myglamy,0,1,0%,11
mylab near me,0,1,0%,11
site pour produit cheveux,0,1,0%,11
united lab aix en provence,0,1,0%,11
échantillons produits de beauté,0,1,0%,11
étiquettes produits parfumerie grenoble,0,1,0%,11
"""spécimen d'étiquette"" ""produits cosmétiques"" algérie",0,1,0%,12
blanche creme,0,1,0%,12
book my lab,0,1,0%,12
complément alimentaire pour cheveux,0,1,0%,12
creme volume cheveux,0,1,0%,12
fournisseur produits coiffure naturels france,0,1,0%,12
hair laboratory,0,1,0%,12
marque blanche maquillage,0,1,0%,12
shampoing a la vanille,0,1,0%,12
volume shop,0,1,0%,12
50 volume creme,0,1,0%,13
gel douche shampoing homme,0,1,0%,13
laboratoire naturel,0,1,0%,13
marque cosmétique,0,1,0%,13
the lab cosmetics,0,1,0%,13
un pack complet,0,1,0%,13
laboratoire cosmétiques france,0,1,0%,14
marque barber,0,1,0%,14
my hair lab,0,1,0%,14
produit miraj cheveux,0,1,0%,14
étiquette de produit,0,1,0%,14
cosmetologique,0,1,0%,15
kits barber,0,1,0%,15
bain capillaire,0,1,0%,16
barber blanche,0,1,0%,16
green floral,0,1,0%,16
huile seche cheveux bio,0,1,0%,16
marque produit coiffeur,0,1,0%,16
site produits cheveux,0,1,0%,17
marque zebra,0,1,0%,18
modèle étiquette prix,0,1,0%,18
barber shop coffret,0,1,0%,19
fabricant cosmetique marque blanche,0,1,0%,19
fournisseur marque blanche cosmétique,0,1,0%,19
laboratoire barbier kit,0,1,0%,19
cosmetic products website,0,1,0%,20
shampooing cuivré,0,1,0%,21
usine de cosmétiques aix-en-provence,0,1,0%,21
crlab lyon,0,1,0%,22
laboratoire cosmetique bio,0,1,0%,22
produits lyon,0,1,0%,22
magasin produit cheveux,0,1,0%,23
shampooing repigmentant cuivre,0,1,0%,23
spray boutique,0,1,0%,23
location laboratoire cosmétique,0,1,0%,24
shampoing cbd,0,1,0%,24
étiquettes modèles,0,1,0%,24
boutique produit coiffure,0,1,0%,25
site de coiffure professionnel,0,1,0%,25
pate texturisante cheveux,0,1,0%,26
produits de beauté marseille,0,1,0%,26
shampoing reflet cuivré,0,1,0%,26
t shirt marque blanche,0,1,0%,27
étiquettes produits maquillage grenoble,0,1,0%,27
cosmétique soins intimes marque blanche,0,1,0%,28
fabrication produits,0,1,0%,29
services de laboratoire,0,1,0%,29
shop my coif,0,1,0%,29
صور,0,1,0%,29
lab fabrication,0,1,0%,30
web cosmetic,0,1,0%,30
étiquettes cosmétiques à télécharger,0,1,0%,30
laboratory barber,0,1,0%,31
site pour coiffeur professionnel,0,1,0%,31
zebra couleur,0,1,0%,31
hair labs,0,1,0%,32
shampoing pigmenté cuivré,0,1,0%,32
huile a barbe francais,0,1,0%,33
marque barbe,0,1,0%,35
marque blanche complément alimentaire,0,1,0%,35
produits capillaires bio haut de gamme professionnel,0,1,0%,36
hair laboratories,0,1,0%,37
masque sans rincage,0,1,0%,37
étiquette cosmétique maison à imprimer,0,1,0%,38
huiles seches cheveux,0,1,0%,39
lab boutique,0,1,0%,39
en marque blanche,0,1,0%,40
étiquettes produits soins personnels grenoble,0,1,0%,41
cosmétique sur mesure,0,1,0%,42
créer marque cosmétiques naturels,0,1,0%,42
acheter produits capillaires france,0,1,0%,43
produits capillaires en france,0,1,0%,43
laboratoire analyse cheveux,0,1,0%,44
marque française soins capillaires,0,1,0%,44
shampoing de marque,0,1,0%,44
étiquettes produits dermatologie grenoble,0,1,0%,45
fabricant tresse cosmétique,0,1,0%,47
my hair,0,1,0%,49
parfum en marque blanche,0,1,0%,49
soins capillaires professionnels naturels,0,1,0%,49
huile sèche cheveux bio,0,1,0%,50
grossiste en cosmétiques aix-en-provence,0,1,0%,51
marque blanche internet,0,1,0%,51
cosmétique en provence,0,1,0%,53
créer sa marque de cosmétiques,0,1,0%,57
marque blanche en anglais,0,1,0%,57
référencement marque blanche,0,1,0%,57
produit blanc,0,1,0%,58
site coiffure professionnel,0,1,0%,58
marque capillaire pour salons,0,1,0%,60
my zebra,0,1,0%,60
cosmetique cbd marque blanche,0,1,0%,61
fabricant de cosmétiques marseille,0,1,0%,61
production de cosmétiques marseille,0,1,0%,61
etiquette produit,0,1,0%,62
laborganic,0,1,0%,64
cosmétique shop,0,1,0%,67
marque blanche parfum,0,1,0%,67
produits de coiffure professionnel,0,1,0%,67
huile barbe professionnel,0,1,0%,69
huile pour cheveu,0,1,0%,69
laboratoire cosmétique français,0,1,0%,70
marque cosmétique professionnelle,0,1,0%,70
"cosmétique, fabricants marseille",0,1,0%,71
services cosmétiques mobiles marseille,0,1,0%,71
site cheveux,0,1,0%,71
produit de coiffure bio professionnel,0,1,0%,73
cosmétique en ligne,0,1,0%,74
shampooing protecteur couleur,0,1,0%,74
créer un site de coiffure,0,1,0%,75
huile a barbe*,0,1,0%,75
créer sa marque de parfum,0,1,0%,77
la produit,0,1,0%,77
ph lab,0,1,0%,77
site de produit de coiffure,0,1,0%,79
achat produit coiffure,0,1,0%,80
boutique coiffure en ligne,0,1,0%,81
creer sa marque de sac,0,1,0%,82
cosmétique sur-mesure,0,1,0%,83
marque blanche définition,0,1,0%,84
marque pour coiffeurs professionnels,0,1,0%,84
produit de coiffure,0,1,0%,84
créer un site de beauté,0,1,0%,85
mylabs plus,0,1,0%,85
échantillons,0,1,0%,85
achat produit cheveux,0,1,0%,86
huile miraculeuse,0,1,0%,87
dossier cosmétique,0,1,0%,90
grossiste capillaire,0,1,0%,90
le french lab,0,1,0%,90
shampoing sec vanille,0,1,0%,91
laboratoires cosmetique,0,1,0%,93
grossiste coiffeur en ligne,0,1,0%,94
laboratoire fabrication cosmétique bio,0,1,0%,94
marque coiffeur,0,1,0%,94
masque sans rinçage cheveux,0,1,0%,95
shampoo blond,0,1,0%,95
boutique produit cheveux,0,1,0%,97
une huile propre et sèche,0,1,0%,97
echantillon savon,0,1,0%,98
video promo,0,1,0%,224